CODIGO_MESA|DESCRIPCION|CODIGO_PAIS|NOMBRE_PAIS|CODIGO_DEPARTAMENTO|NOMBRE_DEPARTAMENTO|CODIGO_PROVINCIA|NOMBRE_PROVINCIA|CODIGO_SECCION|NOMBRE_MUNICIPIO|CODIGO_LOCALIDAD|NOMBRE_LOCALIDAD|CODIGO_RECINTO|NOMBRE_RECINTO|NUMERO_MESA|INSCRITOS_HABILITADOS|MNR|MAS-IPSP|LIBRES|MTS|FRI|VOCES|VOTO_VALIDO|VOTO_BLANCO|VOTO_NULO|VOTO_EMITIDO|VOTO_VALIDO_SISTEMA|VOTO_EMITIDO_SISTEMA
7000011|ALCALDESA/ALCALDE|32|Bolivia|7|Santa Cruz     |1|Andrés Ibáñez|4|La Guardia|2250|La Guardia|11008|Esc. Tomas Jose Morales|1|220|0|59|40|2|5|68|174|1|4|179|174|179
7000021|ALCALDESA/ALCALDE|32|Bolivia|7|Santa Cruz     |1|Andrés Ibáñez|4|La Guardia|2250|La Guardia|11008|Esc. Tomas Jose Morales|2|220|0|66|45|2|1|68|182|2|2|186|182|186
7000031|ALCALDESA/ALCALDE|32|Bolivia|7|Santa Cruz     |1|Andrés Ibáñez|4|La Guardia|2250|La Guardia|11008|Esc. Tomas Jose Morales|3|220|0|57|34|2|2|80|175|1|10|186|175|186
7000041|ALCALDESA/ALCALDE|32|Bolivia|7|Santa Cruz     |1|Andrés Ibáñez|4|La Guardia|2250|La Guardia|11008|Esc. Tomas Jose Morales|4|220|0|70|43|0|1|56|170|1|12|183|170|183
7000051|ALCALDESA/ALCALDE|32|Bolivia|7|Santa Cruz     |1|Andrés Ibáñez|4|La Guardia|2250|La Guardia|11008|Esc. Tomas Jose Morales|5|220|0|48|40|0|1|89|178|0|6|184|178|184
7000061|ALCALDESA/ALCALDE|32|Bolivia|7|Santa Cruz     |1|Andrés Ibáñez|4|La Guardia|2250|La Guardia|11008|Esc. Tomas Jose Morales|6|220|0|61|42|3|2|81|189|0|10|199|189|199
7000071|ALCALDESA/ALCALDE|32|Bolivia|7|Santa Cruz     |1|Andrés Ibáñez|4|La Guardia|2250|La Guardia|11008|Esc. Tomas Jose Morales|7|220|0|76|39|1|1|63|180|1|7|188|180|188
7000081|ALCALDESA/ALCALDE|32|Bolivia|7|Santa Cruz     |1|Andrés Ibáñez|4|La Guardia|2250|La Guardia|11008|Esc. Tomas Jose Morales|8|220|0|37|41|0|1|93|172|0|5|177|172|177
7000091|ALCALDESA/ALCALDE|32|Bolivia|7|Santa Cruz     |1|Andrés Ibáñez|4|La Guardia|2250|La Guardia|11008|Esc. Tomas Jose Morales|9|220|0|78|35|1|0|66|180|1|12|193|180|193
7000101|ALCALDESA/ALCALDE|32|Bolivia|7|Santa Cruz     |1|Andrés Ibáñez|4|La Guardia|2250|La Guardia|11008|Esc. Tomas Jose Morales|10|220|0|67|28|0|0|64|159|0|8|167|159|167
7000111|ALCALDESA/ALCALDE|32|Bolivia|7|Santa Cruz     |1|Andrés Ibáñez|4|La Guardia|2250|La Guardia|11008|Esc. Tomas Jose Morales|11|50|0|3|12|0|0|27|42|0|0|42|42|42
7000121|ALCALDESA/ALCALDE|32|Bolivia|7|Santa Cruz     |1|Andrés Ibáñez|4|La Guardia|2250|La Guardia|11025|Esc. Jose Vicente Soliz Y Ramos|1|220|0|64|37|0|1|57|159|2|4|165|159|165
7000131|ALCALDESA/ALCALDE|32|Bolivia|7|Santa Cruz     |1|Andrés Ibáñez|4|La Guardia|2250|La Guardia|11025|Esc. Jose Vicente Soliz Y Ramos|2|220|0|62|41|0|0|72|175|1|3|179|175|179
7000141|ALCALDESA/ALCALDE|32|Bolivia|7|Santa Cruz     |1|Andrés Ibáñez|4|La Guardia|2250|La Guardia|11025|Esc. Jose Vicente Soliz Y Ramos|3|220|0|53|30|1|2|64|150|0|6|156|150|156
7000151|ALCALDESA/ALCALDE|32|Bolivia|7|Santa Cruz     |1|Andrés Ibáñez|4|La Guardia|2250|La Guardia|11025|Esc. Jose Vicente Soliz Y Ramos|4|220|0|68|37|1|0|50|156|1|10|167|156|167
7000161|ALCALDESA/ALCALDE|32|Bolivia|7|Santa Cruz     |1|Andrés Ibáñez|4|La Guardia|2250|La Guardia|11025|Esc. Jose Vicente Soliz Y Ramos|5|220|0|58|32|0|0|75|165|4|6|175|165|175
7000171|ALCALDESA/ALCALDE|32|Bolivia|7|Santa Cruz     |1|Andrés Ibáñez|4|La Guardia|2250|La Guardia|11025|Esc. Jose Vicente Soliz Y Ramos|6|220|0|61|36|0|3|69|169|1|7|177|169|177
7000181|ALCALDESA/ALCALDE|32|Bolivia|7|Santa Cruz     |1|Andrés Ibáñez|4|La Guardia|2250|La Guardia|11025|Esc. Jose Vicente Soliz Y Ramos|7|220|0|53|36|1|1|73|164|1|8|173|164|173
7000191|ALCALDESA/ALCALDE|32|Bolivia|7|Santa Cruz     |1|Andrés Ibáñez|4|La Guardia|2250|La Guardia|11025|Esc. Jose Vicente Soliz Y Ramos|8|220|0|56|43|1|1|69|170|0|10|180|170|180
7000201|ALCALDESA/ALCALDE|32|Bolivia|7|Santa Cruz     |1|Andrés Ibáñez|4|La Guardia|2250|La Guardia|11025|Esc. Jose Vicente Soliz Y Ramos|9|220|0|91|34|2|0|54|181|1|4|186|181|186
7000211|ALCALDESA/ALCALDE|32|Bolivia|7|Santa Cruz     |1|Andrés Ibáñez|4|La Guardia|2250|La Guardia|11025|Esc. Jose Vicente Soliz Y Ramos|10|220|0|68|30|0|2|61|161|0|6|167|161|167
7000221|ALCALDESA/ALCALDE|32|Bolivia|7|Santa Cruz     |1|Andrés Ibáñez|4|La Guardia|2250|La Guardia|11025|Esc. Jose Vicente Soliz Y Ramos|11|220|0|52|33|0|1|79|165|1|3|169|165|169
7000231|ALCALDESA/ALCALDE|32|Bolivia|7|Santa Cruz     |1|Andrés Ibáñez|4|La Guardia|2250|La Guardia|11025|Esc. Jose Vicente Soliz Y Ramos|12|220|0|52|34|1|1|75|163|0|6|169|163|169
7000241|ALCALDESA/ALCALDE|32|Bolivia|7|Santa Cruz     |1|Andrés Ibáñez|4|La Guardia|2250|La Guardia|11025|Esc. Jose Vicente Soliz Y Ramos|13|220|0|69|34|2|2|67|174|0|7|181|174|181
7000251|ALCALDESA/ALCALDE|32|Bolivia|7|Santa Cruz     |1|Andrés Ibáñez|4|La Guardia|2250|La Guardia|11025|Esc. Jose Vicente Soliz Y Ramos|14|220|0|43|51|0|0|68|162|1|3|166|162|166
7000261|ALCALDESA/ALCALDE|32|Bolivia|7|Santa Cruz     |1|Andrés Ibáñez|4|La Guardia|2250|La Guardia|11025|Esc. Jose Vicente Soliz Y Ramos|15|220|0|63|36|1|2|71|173|0|6|179|173|179
7000271|ALCALDESA/ALCALDE|32|Bolivia|7|Santa Cruz     |1|Andrés Ibáñez|4|La Guardia|2250|La Guardia|11025|Esc. Jose Vicente Soliz Y Ramos|16|220|0|63|29|1|0|74|167|1|4|172|167|172
7000281|ALCALDESA/ALCALDE|32|Bolivia|7|Santa Cruz     |1|Andrés Ibáñez|4|La Guardia|2250|La Guardia|11025|Esc. Jose Vicente Soliz Y Ramos|17|220|0|65|28|2|3|80|178|0|5|183|178|183
7000291|ALCALDESA/ALCALDE|32|Bolivia|7|Santa Cruz     |1|Andrés Ibáñez|4|La Guardia|2250|La Guardia|11025|Esc. Jose Vicente Soliz Y Ramos|18|199|0|54|30|0|2|70|156|1|2|159|156|159
7000301|ALCALDESA/ALCALDE|32|Bolivia|7|Santa Cruz     |1|Andrés Ibáñez|4|La Guardia|2250|La Guardia|11026|U.E. Nataniel Garcia Chavez|1|220|0|60|34|2|1|55|152|0|4|156|152|156
7000311|ALCALDESA/ALCALDE|32|Bolivia|7|Santa Cruz     |1|Andrés Ibáñez|4|La Guardia|2250|La Guardia|11026|U.E. Nataniel Garcia Chavez|2|220|0|51|44|0|2|66|163|0|5|168|163|168
7000321|ALCALDESA/ALCALDE|32|Bolivia|7|Santa Cruz     |1|Andrés Ibáñez|4|La Guardia|2250|La Guardia|11026|U.E. Nataniel Garcia Chavez|3|220|0|45|36|1|2|77|161|1|5|167|161|167
7000331|ALCALDESA/ALCALDE|32|Bolivia|7|Santa Cruz     |1|Andrés Ibáñez|4|La Guardia|2250|La Guardia|11026|U.E. Nataniel Garcia Chavez|4|209|0|47|38|0|2|75|162|0|1|163|162|163
7000341|ALCALDESA/ALCALDE|32|Bolivia|7|Santa Cruz     |1|Andrés Ibáñez|4|La Guardia|2250|La Guardia|25414|U.E. Nacional La Guardia|1|220|0|56|36|1|3|43|139|0|9|148|139|148
7000351|ALCALDESA/ALCALDE|32|Bolivia|7|Santa Cruz     |1|Andrés Ibáñez|4|La Guardia|2250|La Guardia|25414|U.E. Nacional La Guardia|2|220|0|57|44|0|0|49|150|0|3|153|150|153
7000361|ALCALDESA/ALCALDE|32|Bolivia|7|Santa Cruz     |1|Andrés Ibáñez|4|La Guardia|2250|La Guardia|25414|U.E. Nacional La Guardia|3|220|0|57|27|0|1|45|130|0|7|137|130|137
7000371|ALCALDESA/ALCALDE|32|Bolivia|7|Santa Cruz     |1|Andrés Ibáñez|4|La Guardia|2250|La Guardia|25414|U.E. Nacional La Guardia|4|220|0|58|36|1|1|53|149|1|7|157|149|157
7000381|ALCALDESA/ALCALDE|32|Bolivia|7|Santa Cruz     |1|Andrés Ibáñez|4|La Guardia|2250|La Guardia|25414|U.E. Nacional La Guardia|5|220|0|66|37|1|2|48|154|0|3|157|154|157
7000391|ALCALDESA/ALCALDE|32|Bolivia|7|Santa Cruz     |1|Andrés Ibáñez|4|La Guardia|2250|La Guardia|25414|U.E. Nacional La Guardia|6|220|0|46|34|1|2|50|133|0|4|137|133|137
7000401|ALCALDESA/ALCALDE|32|Bolivia|7|Santa Cruz     |1|Andrés Ibáñez|4|La Guardia|2250|La Guardia|25414|U.E. Nacional La Guardia|7|220|0|54|29|3|1|62|149|1|5|155|149|155
7000411|ALCALDESA/ALCALDE|32|Bolivia|7|Santa Cruz     |1|Andrés Ibáñez|4|La Guardia|2250|La Guardia|25414|U.E. Nacional La Guardia|8|220|0|60|35|2|1|54|152|0|3|155|152|155
7000421|ALCALDESA/ALCALDE|32|Bolivia|7|Santa Cruz     |1|Andrés Ibáñez|4|La Guardia|2250|La Guardia|25414|U.E. Nacional La Guardia|9|220|0|61|26|0|1|58|146|0|7|153|146|153
7000431|ALCALDESA/ALCALDE|32|Bolivia|7|Santa Cruz     |1|Andrés Ibáñez|4|La Guardia|2250|La Guardia|25414|U.E. Nacional La Guardia|10|28|0|8|4|0|1|3|16|0|3|19|16|19
7000441|ALCALDESA/ALCALDE|32|Bolivia|7|Santa Cruz     |1|Andrés Ibáñez|4|La Guardia|2250|La Guardia|32043|Coliseo de la Guardia (Temporal)|1|220|0|57|33|0|3|87|180|0|4|184|180|184
7000451|ALCALDESA/ALCALDE|32|Bolivia|7|Santa Cruz     |1|Andrés Ibáñez|4|La Guardia|2250|La Guardia|32043|Coliseo de la Guardia (Temporal)|2|220|0|46|53|0|0|79|178|0|9|187|178|187
7000461|ALCALDESA/ALCALDE|32|Bolivia|7|Santa Cruz     |1|Andrés Ibáñez|4|La Guardia|2250|La Guardia|32043|Coliseo de la Guardia (Temporal)|3|220|0|58|30|0|1|91|180|0|7|187|180|187
7000471|ALCALDESA/ALCALDE|32|Bolivia|7|Santa Cruz     |1|Andrés Ibáñez|4|La Guardia|2250|La Guardia|32043|Coliseo de la Guardia (Temporal)|4|220|0|39|56|1|0|86|182|0|3|185|182|185
7000481|ALCALDESA/ALCALDE|32|Bolivia|7|Santa Cruz     |1|Andrés Ibáñez|4|La Guardia|2250|La Guardia|32043|Coliseo de la Guardia (Temporal)|5|220|0|56|48|0|1|78|183|3|6|192|183|192
7000491|ALCALDESA/ALCALDE|32|Bolivia|7|Santa Cruz     |1|Andrés Ibáñez|4|La Guardia|2250|La Guardia|32043|Coliseo de la Guardia (Temporal)|6|220|0|50|56|1|2|73|182|0|3|185|182|185
7000501|ALCALDESA/ALCALDE|32|Bolivia|7|Santa Cruz     |1|Andrés Ibáñez|4|La Guardia|2250|La Guardia|32043|Coliseo de la Guardia (Temporal)|7|220|0|58|43|2|1|83|187|0|2|189|187|189
7000511|ALCALDESA/ALCALDE|32|Bolivia|7|Santa Cruz     |1|Andrés Ibáñez|4|La Guardia|2250|La Guardia|32043|Coliseo de la Guardia (Temporal)|8|220|0|52|35|0|1|82|170|0|7|177|170|177
7000521|ALCALDESA/ALCALDE|32|Bolivia|7|Santa Cruz     |1|Andrés Ibáñez|4|La Guardia|2250|La Guardia|32043|Coliseo de la Guardia (Temporal)|9|59|0|12|13|1|0|24|50|0|1|51|50|51
7000531|ALCALDESA/ALCALDE|32|Bolivia|7|Santa Cruz     |1|Andrés Ibáñez|4|La Guardia|2250|La Guardia|25673|U.E. Rvdo. Padre David Machachlan|1|212|0|61|43|1|0|44|149|1|4|154|149|154
7000541|ALCALDESA/ALCALDE|32|Bolivia|7|Santa Cruz     |1|Andrés Ibáñez|4|La Guardia|2251|Peji (Villa Arrien)|11016|U.E. Viila Arrien Peji|1|220|0|54|60|0|1|55|170|0|3|173|170|173
7000551|ALCALDESA/ALCALDE|32|Bolivia|7|Santa Cruz     |1|Andrés Ibáñez|4|La Guardia|2251|Peji (Villa Arrien)|11016|U.E. Viila Arrien Peji|2|196|0|33|59|2|1|38|133|1|6|140|133|140
7000561|ALCALDESA/ALCALDE|32|Bolivia|7|Santa Cruz     |1|Andrés Ibáñez|4|La Guardia|2252|Basilio|11017|Esc. Central Basilio|1|220|0|53|40|4|5|59|161|2|9|172|161|172
7000571|ALCALDESA/ALCALDE|32|Bolivia|7|Santa Cruz     |1|Andrés Ibáñez|4|La Guardia|2252|Basilio|11017|Esc. Central Basilio|2|220|0|70|41|4|19|27|161|1|8|170|161|170
7000581|ALCALDESA/ALCALDE|32|Bolivia|7|Santa Cruz     |1|Andrés Ibáñez|4|La Guardia|2252|Basilio|11017|Esc. Central Basilio|3|220|0|69|36|0|16|37|158|1|11|170|158|170
7000591|ALCALDESA/ALCALDE|32|Bolivia|7|Santa Cruz     |1|Andrés Ibáñez|4|La Guardia|2252|Basilio|11017|Esc. Central Basilio|4|220|0|59|42|0|14|35|150|0|6|156|150|156
7000601|ALCALDESA/ALCALDE|32|Bolivia|7|Santa Cruz     |1|Andrés Ibáñez|4|La Guardia|2252|Basilio|11017|Esc. Central Basilio|5|220|0|54|45|2|15|43|159|1|9|169|159|169
7000611|ALCALDESA/ALCALDE|32|Bolivia|7|Santa Cruz     |1|Andrés Ibáñez|4|La Guardia|2252|Basilio|11017|Esc. Central Basilio|6|220|0|59|31|2|12|35|139|3|13|155|139|155
7000621|ALCALDESA/ALCALDE|32|Bolivia|7|Santa Cruz     |1|Andrés Ibáñez|4|La Guardia|2252|Basilio|11017|Esc. Central Basilio|7|220|0|64|44|4|13|39|164|1|7|172|164|172
7000631|ALCALDESA/ALCALDE|32|Bolivia|7|Santa Cruz     |1|Andrés Ibáñez|4|La Guardia|2252|Basilio|11017|Esc. Central Basilio|8|220|0|53|39|2|18|34|146|1|11|158|146|158
7000641|ALCALDESA/ALCALDE|32|Bolivia|7|Santa Cruz     |1|Andrés Ibáñez|4|La Guardia|2252|Basilio|11017|Esc. Central Basilio|9|220|0|60|35|2|19|40|156|1|9|166|156|166
7000651|ALCALDESA/ALCALDE|32|Bolivia|7|Santa Cruz     |1|Andrés Ibáñez|4|La Guardia|2252|Basilio|11017|Esc. Central Basilio|10|22|0|13|1|0|1|2|17|1|1|19|17|19
7000661|ALCALDESA/ALCALDE|32|Bolivia|7|Santa Cruz     |1|Andrés Ibáñez|4|La Guardia|2253|Pedro Lorenzo|11018|Escuela Jose Gil Soruco|1|220|0|60|51|1|2|46|160|0|2|162|160|162
7000671|ALCALDESA/ALCALDE|32|Bolivia|7|Santa Cruz     |1|Andrés Ibáñez|4|La Guardia|2253|Pedro Lorenzo|11018|Escuela Jose Gil Soruco|2|220|0|59|82|2|1|7|151|1|7|159|151|159
7000681|ALCALDESA/ALCALDE|32|Bolivia|7|Santa Cruz     |1|Andrés Ibáñez|4|La Guardia|2253|Pedro Lorenzo|11018|Escuela Jose Gil Soruco|3|220|0|53|68|2|0|23|146|4|12|162|146|162
7000691|ALCALDESA/ALCALDE|32|Bolivia|7|Santa Cruz     |1|Andrés Ibáñez|4|La Guardia|2253|Pedro Lorenzo|11018|Escuela Jose Gil Soruco|4|220|0|53|62|0|2|45|162|3|8|173|162|173
7000701|ALCALDESA/ALCALDE|32|Bolivia|7|Santa Cruz     |1|Andrés Ibáñez|4|La Guardia|2253|Pedro Lorenzo|11018|Escuela Jose Gil Soruco|5|220|0|62|67|1|1|35|166|3|5|174|166|174
7000711|ALCALDESA/ALCALDE|32|Bolivia|7|Santa Cruz     |1|Andrés Ibáñez|4|La Guardia|2253|Pedro Lorenzo|11018|Escuela Jose Gil Soruco|6|220|0|60|68|0|5|28|161|0|3|164|161|164
7000721|ALCALDESA/ALCALDE|32|Bolivia|7|Santa Cruz     |1|Andrés Ibáñez|4|La Guardia|2253|Pedro Lorenzo|11018|Escuela Jose Gil Soruco|7|26|0|8|12|1|0|2|23|3|0|26|23|26
7000731|ALCALDESA/ALCALDE|32|Bolivia|7|Santa Cruz     |1|Andrés Ibáñez|4|La Guardia|2254|El Carmen (Ibañez)|11024|Esc. Nataniel Verdugez|1|220|0|52|50|0|3|32|137|2|15|154|137|154
7000741|ALCALDESA/ALCALDE|32|Bolivia|7|Santa Cruz     |1|Andrés Ibáñez|4|La Guardia|2254|El Carmen (Ibañez)|11024|Esc. Nataniel Verdugez|2|220|0|37|59|2|1|47|146|2|5|153|146|153
7000751|ALCALDESA/ALCALDE|32|Bolivia|7|Santa Cruz     |1|Andrés Ibáñez|4|La Guardia|2254|El Carmen (Ibañez)|11024|Esc. Nataniel Verdugez|3|220|0|29|52|2|2|67|152|2|8|162|152|162
7000761|ALCALDESA/ALCALDE|32|Bolivia|7|Santa Cruz     |1|Andrés Ibáñez|4|La Guardia|2254|El Carmen (Ibañez)|11024|Esc. Nataniel Verdugez|4|220|0|39|55|1|3|57|155|1|4|160|155|160
7000771|ALCALDESA/ALCALDE|32|Bolivia|7|Santa Cruz     |1|Andrés Ibáñez|4|La Guardia|2254|El Carmen (Ibañez)|11024|Esc. Nataniel Verdugez|5|220|0|52|47|3|1|43|146|0|6|152|146|152
7000781|ALCALDESA/ALCALDE|32|Bolivia|7|Santa Cruz     |1|Andrés Ibáñez|4|La Guardia|2254|El Carmen (Ibañez)|11024|Esc. Nataniel Verdugez|6|220|0|37|67|2|0|45|151|1|8|160|151|160
7000791|ALCALDESA/ALCALDE|32|Bolivia|7|Santa Cruz     |1|Andrés Ibáñez|4|La Guardia|2254|El Carmen (Ibañez)|11024|Esc. Nataniel Verdugez|7|220|0|53|41|1|2|47|144|1|5|150|144|150
7000801|ALCALDESA/ALCALDE|32|Bolivia|7|Santa Cruz     |1|Andrés Ibáñez|4|La Guardia|2254|El Carmen (Ibañez)|11024|Esc. Nataniel Verdugez|8|220|0|59|56|1|1|37|154|1|6|161|154|161
7000811|ALCALDESA/ALCALDE|32|Bolivia|7|Santa Cruz     |1|Andrés Ibáñez|4|La Guardia|2254|El Carmen (Ibañez)|11024|Esc. Nataniel Verdugez|9|220|0|44|73|0|2|38|157|1|7|165|157|165
7000821|ALCALDESA/ALCALDE|32|Bolivia|7|Santa Cruz     |1|Andrés Ibáñez|4|La Guardia|2254|El Carmen (Ibañez)|11024|Esc. Nataniel Verdugez|10|220|0|50|44|2|6|42|144|0|3|147|144|147
7000831|ALCALDESA/ALCALDE|32|Bolivia|7|Santa Cruz     |1|Andrés Ibáñez|4|La Guardia|2254|El Carmen (Ibañez)|11024|Esc. Nataniel Verdugez|11|220|0|48|56|4|4|41|153|0|7|160|153|160
7000841|ALCALDESA/ALCALDE|32|Bolivia|7|Santa Cruz     |1|Andrés Ibáñez|4|La Guardia|2254|El Carmen (Ibañez)|11024|Esc. Nataniel Verdugez|12|220|0|43|50|4|4|42|143|0|7|150|143|150
7000851|ALCALDESA/ALCALDE|32|Bolivia|7|Santa Cruz     |1|Andrés Ibáñez|4|La Guardia|2254|El Carmen (Ibañez)|11024|Esc. Nataniel Verdugez|13|220|0|27|68|5|2|45|147|0|5|152|147|152
7000861|ALCALDESA/ALCALDE|32|Bolivia|7|Santa Cruz     |1|Andrés Ibáñez|4|La Guardia|2254|El Carmen (Ibañez)|11024|Esc. Nataniel Verdugez|14|220|0|37|58|5|2|47|149|1|2|152|149|152
7000871|ALCALDESA/ALCALDE|32|Bolivia|7|Santa Cruz     |1|Andrés Ibáñez|4|La Guardia|2254|El Carmen (Ibañez)|11024|Esc. Nataniel Verdugez|15|220|0|44|48|3|2|56|153|0|6|159|153|159
7000881|ALCALDESA/ALCALDE|32|Bolivia|7|Santa Cruz     |1|Andrés Ibáñez|4|La Guardia|2254|El Carmen (Ibañez)|11024|Esc. Nataniel Verdugez|16|220|0|53|48|5|4|41|151|0|6|157|151|157
7000891|ALCALDESA/ALCALDE|32|Bolivia|7|Santa Cruz     |1|Andrés Ibáñez|4|La Guardia|2254|El Carmen (Ibañez)|11024|Esc. Nataniel Verdugez|17|220|0|60|44|4|1|41|150|0|10|160|150|160
7000901|ALCALDESA/ALCALDE|32|Bolivia|7|Santa Cruz     |1|Andrés Ibáñez|4|La Guardia|2254|El Carmen (Ibañez)|11024|Esc. Nataniel Verdugez|18|220|0|46|51|3|3|46|149|1|6|156|149|156
7000911|ALCALDESA/ALCALDE|32|Bolivia|7|Santa Cruz     |1|Andrés Ibáñez|4|La Guardia|2254|El Carmen (Ibañez)|11024|Esc. Nataniel Verdugez|19|220|0|50|63|4|0|43|160|0|12|172|160|172
7000921|ALCALDESA/ALCALDE|32|Bolivia|7|Santa Cruz     |1|Andrés Ibáñez|4|La Guardia|2254|El Carmen (Ibañez)|11024|Esc. Nataniel Verdugez|20|220|0|34|62|0|3|51|150|1|6|157|150|157
7000931|ALCALDESA/ALCALDE|32|Bolivia|7|Santa Cruz     |1|Andrés Ibáñez|4|La Guardia|2254|El Carmen (Ibañez)|11024|Esc. Nataniel Verdugez|21|220|0|41|61|2|1|33|138|1|7|146|138|146
7000941|ALCALDESA/ALCALDE|32|Bolivia|7|Santa Cruz     |1|Andrés Ibáñez|4|La Guardia|2254|El Carmen (Ibañez)|11024|Esc. Nataniel Verdugez|22|220|0|30|57|4|0|39|130|0|10|140|130|140
7000951|ALCALDESA/ALCALDE|32|Bolivia|7|Santa Cruz     |1|Andrés Ibáñez|4|La Guardia|2254|El Carmen (Ibañez)|11024|Esc. Nataniel Verdugez|23|220|0|41|39|0|2|49|131|1|7|139|131|139
7000961|ALCALDESA/ALCALDE|32|Bolivia|7|Santa Cruz     |1|Andrés Ibáñez|4|La Guardia|2254|El Carmen (Ibañez)|11024|Esc. Nataniel Verdugez|24|220|0|46|49|3|2|31|131|0|10|141|131|141
7000971|ALCALDESA/ALCALDE|32|Bolivia|7|Santa Cruz     |1|Andrés Ibáñez|4|La Guardia|2254|El Carmen (Ibañez)|11024|Esc. Nataniel Verdugez|25|220|0|27|53|5|0|61|146|0|6|152|146|152
7000981|ALCALDESA/ALCALDE|32|Bolivia|7|Santa Cruz     |1|Andrés Ibáñez|4|La Guardia|2254|El Carmen (Ibañez)|11024|Esc. Nataniel Verdugez|26|220|0|32|57|1|0|45|135|0|8|143|135|143
7000991|ALCALDESA/ALCALDE|32|Bolivia|7|Santa Cruz     |1|Andrés Ibáñez|4|La Guardia|2254|El Carmen (Ibañez)|11024|Esc. Nataniel Verdugez|27|220|0|41|62|0|1|48|152|0|8|160|152|160
7001001|ALCALDESA/ALCALDE|32|Bolivia|7|Santa Cruz     |1|Andrés Ibáñez|4|La Guardia|2254|El Carmen (Ibañez)|11024|Esc. Nataniel Verdugez|28|220|0|37|65|4|2|43|151|0|11|162|151|162
7001011|ALCALDESA/ALCALDE|32|Bolivia|7|Santa Cruz     |1|Andrés Ibáñez|4|La Guardia|2254|El Carmen (Ibañez)|11024|Esc. Nataniel Verdugez|29|220|0|37|63|1|0|52|153|0|5|158|153|158
7001021|ALCALDESA/ALCALDE|32|Bolivia|7|Santa Cruz     |1|Andrés Ibáñez|4|La Guardia|2254|El Carmen (Ibañez)|11024|Esc. Nataniel Verdugez|30|220|0|44|67|5|1|38|155|2|8|165|155|165
7001031|ALCALDESA/ALCALDE|32|Bolivia|7|Santa Cruz     |1|Andrés Ibáñez|4|La Guardia|2254|El Carmen (Ibañez)|11024|Esc. Nataniel Verdugez|31|220|0|28|53|0|2|52|135|0|7|142|135|142
7001041|ALCALDESA/ALCALDE|32|Bolivia|7|Santa Cruz     |1|Andrés Ibáñez|4|La Guardia|2254|El Carmen (Ibañez)|11024|Esc. Nataniel Verdugez|32|220|0|46|57|2|0|51|156|0|10|166|156|166
7001051|ALCALDESA/ALCALDE|32|Bolivia|7|Santa Cruz     |1|Andrés Ibáñez|4|La Guardia|2254|El Carmen (Ibañez)|11024|Esc. Nataniel Verdugez|33|220|0|42|42|2|3|52|141|0|7|148|141|148
7001061|ALCALDESA/ALCALDE|32|Bolivia|7|Santa Cruz     |1|Andrés Ibáñez|4|La Guardia|2254|El Carmen (Ibañez)|11024|Esc. Nataniel Verdugez|34|141|0|31|32|1|0|26|90|0|7|97|90|97
7001071|ALCALDESA/ALCALDE|32|Bolivia|7|Santa Cruz     |1|Andrés Ibáñez|4|La Guardia|2254|El Carmen (Ibañez)|11025|U.E.  23 de Diciembre|1|220|0|37|42|2|3|39|123|1|5|129|123|129
7001081|ALCALDESA/ALCALDE|32|Bolivia|7|Santa Cruz     |1|Andrés Ibáñez|4|La Guardia|2254|El Carmen (Ibañez)|11025|U.E.  23 de Diciembre|2|220|0|40|49|0|1|45|135|0|4|139|135|139
7001091|ALCALDESA/ALCALDE|32|Bolivia|7|Santa Cruz     |1|Andrés Ibáñez|4|La Guardia|2254|El Carmen (Ibañez)|11025|U.E.  23 de Diciembre|3|220|0|33|57|4|0|45|139|1|2|142|139|142
7001101|ALCALDESA/ALCALDE|32|Bolivia|7|Santa Cruz     |1|Andrés Ibáñez|4|La Guardia|2254|El Carmen (Ibañez)|11025|U.E.  23 de Diciembre|4|220|0|49|38|2|1|43|133|1|6|140|133|140
7001111|ALCALDESA/ALCALDE|32|Bolivia|7|Santa Cruz     |1|Andrés Ibáñez|4|La Guardia|2254|El Carmen (Ibañez)|11025|U.E.  23 de Diciembre|5|220|0|42|47|4|2|35|130|1|10|141|130|141
7001121|ALCALDESA/ALCALDE|32|Bolivia|7|Santa Cruz     |1|Andrés Ibáñez|4|La Guardia|2254|El Carmen (Ibañez)|11025|U.E.  23 de Diciembre|6|220|0|32|51|1|2|37|123|1|6|130|123|130
7001131|ALCALDESA/ALCALDE|32|Bolivia|7|Santa Cruz     |1|Andrés Ibáñez|4|La Guardia|2254|El Carmen (Ibañez)|11025|U.E.  23 de Diciembre|7|220|0|59|27|2|2|38|128|1|13|142|128|142
7001141|ALCALDESA/ALCALDE|32|Bolivia|7|Santa Cruz     |1|Andrés Ibáñez|4|La Guardia|2254|El Carmen (Ibañez)|11025|U.E.  23 de Diciembre|8|220|0|20|53|2|3|44|122|0|5|127|122|127
7001151|ALCALDESA/ALCALDE|32|Bolivia|7|Santa Cruz     |1|Andrés Ibáñez|4|La Guardia|2254|El Carmen (Ibañez)|11025|U.E.  23 de Diciembre|9|220|0|58|31|10|3|49|151|0|5|156|151|156
7001161|ALCALDESA/ALCALDE|32|Bolivia|7|Santa Cruz     |1|Andrés Ibáñez|4|La Guardia|2254|El Carmen (Ibañez)|11025|U.E.  23 de Diciembre|10|220|0|34|55|4|0|41|134|0|0|134|134|134
7001171|ALCALDESA/ALCALDE|32|Bolivia|7|Santa Cruz     |1|Andrés Ibáñez|4|La Guardia|2254|El Carmen (Ibañez)|11025|U.E.  23 de Diciembre|11|220|0|32|52|1|3|51|139|0|12|151|139|151
7001181|ALCALDESA/ALCALDE|32|Bolivia|7|Santa Cruz     |1|Andrés Ibáñez|4|La Guardia|2254|El Carmen (Ibañez)|11025|U.E.  23 de Diciembre|12|220|0|38|59|3|1|42|143|0|9|152|143|152
7001191|ALCALDESA/ALCALDE|32|Bolivia|7|Santa Cruz     |1|Andrés Ibáñez|4|La Guardia|2254|El Carmen (Ibañez)|11025|U.E.  23 de Diciembre|13|220|0|53|49|1|2|30|135|0|5|140|135|140
7001201|ALCALDESA/ALCALDE|32|Bolivia|7|Santa Cruz     |1|Andrés Ibáñez|4|La Guardia|2254|El Carmen (Ibañez)|11025|U.E.  23 de Diciembre|14|220|0|49|37|0|4|42|132|0|6|138|132|138
7001211|ALCALDESA/ALCALDE|32|Bolivia|7|Santa Cruz     |1|Andrés Ibáñez|4|La Guardia|2254|El Carmen (Ibañez)|11025|U.E.  23 de Diciembre|15|220|0|35|55|2|0|45|137|0|4|141|137|141
7001221|ALCALDESA/ALCALDE|32|Bolivia|7|Santa Cruz     |1|Andrés Ibáñez|4|La Guardia|2254|El Carmen (Ibañez)|11025|U.E.  23 de Diciembre|16|220|0|36|47|1|3|42|129|0|9|138|129|138
7001231|ALCALDESA/ALCALDE|32|Bolivia|7|Santa Cruz     |1|Andrés Ibáñez|4|La Guardia|2254|El Carmen (Ibañez)|11025|U.E.  23 de Diciembre|17|220|0|37|47|2|2|47|135|0|13|148|135|148
7001241|ALCALDESA/ALCALDE|32|Bolivia|7|Santa Cruz     |1|Andrés Ibáñez|4|La Guardia|2254|El Carmen (Ibañez)|11025|U.E.  23 de Diciembre|18|220|0|36|53|1|3|37|130|0|7|137|130|137
7001251|ALCALDESA/ALCALDE|32|Bolivia|7|Santa Cruz     |1|Andrés Ibáñez|4|La Guardia|2254|El Carmen (Ibañez)|11025|U.E.  23 de Diciembre|19|220|0|31|49|1|3|42|126|1|9|136|126|136
7001261|ALCALDESA/ALCALDE|32|Bolivia|7|Santa Cruz     |1|Andrés Ibáñez|4|La Guardia|2254|El Carmen (Ibañez)|11025|U.E.  23 de Diciembre|20|220|0|29|59|0|0|51|139|1|5|145|139|145
7001271|ALCALDESA/ALCALDE|32|Bolivia|7|Santa Cruz     |1|Andrés Ibáñez|4|La Guardia|2254|El Carmen (Ibañez)|11025|U.E.  23 de Diciembre|21|220|0|50|51|0|0|37|138|2|7|147|138|147
7001281|ALCALDESA/ALCALDE|32|Bolivia|7|Santa Cruz     |1|Andrés Ibáñez|4|La Guardia|2254|El Carmen (Ibañez)|11025|U.E.  23 de Diciembre|22|220|0|29|57|1|2|49|138|1|6|145|138|145
7001291|ALCALDESA/ALCALDE|32|Bolivia|7|Santa Cruz     |1|Andrés Ibáñez|4|La Guardia|2254|El Carmen (Ibañez)|11025|U.E.  23 de Diciembre|23|220|0|46|50|1|1|47|145|1|7|153|145|153
7001301|ALCALDESA/ALCALDE|32|Bolivia|7|Santa Cruz     |1|Andrés Ibáñez|4|La Guardia|2254|El Carmen (Ibañez)|11025|U.E.  23 de Diciembre|24|220|0|51|49|2|2|41|145|0|1|146|145|146
7001311|ALCALDESA/ALCALDE|32|Bolivia|7|Santa Cruz     |1|Andrés Ibáñez|4|La Guardia|2254|El Carmen (Ibañez)|11025|U.E.  23 de Diciembre|25|229|0|59|41|5|1|38|144|2|4|150|144|150
7001321|ALCALDESA/ALCALDE|32|Bolivia|7|Santa Cruz     |1|Andrés Ibáñez|4|La Guardia|2254|El Carmen (Ibañez)|11026|Cambao|1|220|0|34|33|0|1|56|124|1|3|128|124|128
7001331|ALCALDESA/ALCALDE|32|Bolivia|7|Santa Cruz     |1|Andrés Ibáñez|4|La Guardia|2254|El Carmen (Ibañez)|11026|Cambao|2|220|0|50|38|3|1|61|153|0|5|158|153|158
7001341|ALCALDESA/ALCALDE|32|Bolivia|7|Santa Cruz     |1|Andrés Ibáñez|4|La Guardia|2254|El Carmen (Ibañez)|11026|Cambao|3|220|0|45|39|1|3|48|136|0|7|143|136|143
7001351|ALCALDESA/ALCALDE|32|Bolivia|7|Santa Cruz     |1|Andrés Ibáñez|4|La Guardia|2254|El Carmen (Ibañez)|11026|Cambao|4|220|0|47|36|2|0|40|125|0|5|130|125|130
7001361|ALCALDESA/ALCALDE|32|Bolivia|7|Santa Cruz     |1|Andrés Ibáñez|4|La Guardia|2254|El Carmen (Ibañez)|11026|Cambao|5|220|0|43|46|2|0|56|147|1|5|153|147|153
7001371|ALCALDESA/ALCALDE|32|Bolivia|7|Santa Cruz     |1|Andrés Ibáñez|4|La Guardia|2254|El Carmen (Ibañez)|11026|Cambao|6|220|0|44|49|2|1|47|143|0|6|149|143|149
7001381|ALCALDESA/ALCALDE|32|Bolivia|7|Santa Cruz     |1|Andrés Ibáñez|4|La Guardia|2254|El Carmen (Ibañez)|11026|Cambao|7|220|0|37|47|0|0|43|127|3|7|137|127|137
7001391|ALCALDESA/ALCALDE|32|Bolivia|7|Santa Cruz     |1|Andrés Ibáñez|4|La Guardia|2254|El Carmen (Ibañez)|11026|Cambao|8|220|0|45|60|4|0|40|149|0|12|161|149|161
7001401|ALCALDESA/ALCALDE|32|Bolivia|7|Santa Cruz     |1|Andrés Ibáñez|4|La Guardia|2254|El Carmen (Ibañez)|11026|Cambao|9|220|0|61|35|4|3|35|138|0|7|145|138|145
7001411|ALCALDESA/ALCALDE|32|Bolivia|7|Santa Cruz     |1|Andrés Ibáñez|4|La Guardia|2254|El Carmen (Ibañez)|11026|Cambao|10|220|0|30|48|1|0|58|137|1|7|145|137|145
7001421|ALCALDESA/ALCALDE|32|Bolivia|7|Santa Cruz     |1|Andrés Ibáñez|4|La Guardia|2254|El Carmen (Ibañez)|11026|Cambao|11|220|0|32|47|1|2|52|134|1|7|142|134|142
7001431|ALCALDESA/ALCALDE|32|Bolivia|7|Santa Cruz     |1|Andrés Ibáñez|4|La Guardia|2254|El Carmen (Ibañez)|11026|Cambao|12|220|0|42|38|5|1|46|132|1|5|138|132|138
7001441|ALCALDESA/ALCALDE|32|Bolivia|7|Santa Cruz     |1|Andrés Ibáñez|4|La Guardia|2254|El Carmen (Ibañez)|11026|Cambao|13|35|0|10|4|1|0|7|22|0|0|22|22|22
7001451|ALCALDESA/ALCALDE|32|Bolivia|7|Santa Cruz     |1|Andrés Ibáñez|4|La Guardia|2254|El Carmen (Ibañez)|11027|Madre Teresa De Calcuta|1|220|0|45|48|4|2|41|140|0|9|149|140|149
7001461|ALCALDESA/ALCALDE|32|Bolivia|7|Santa Cruz     |1|Andrés Ibáñez|4|La Guardia|2254|El Carmen (Ibañez)|11027|Madre Teresa De Calcuta|2|220|0|45|47|3|2|51|148|2|3|153|148|153
7001471|ALCALDESA/ALCALDE|32|Bolivia|7|Santa Cruz     |1|Andrés Ibáñez|4|La Guardia|2254|El Carmen (Ibañez)|11027|Madre Teresa De Calcuta|3|220|0|64|35|3|2|41|145|0|11|156|145|156
7001481|ALCALDESA/ALCALDE|32|Bolivia|7|Santa Cruz     |1|Andrés Ibáñez|4|La Guardia|2254|El Carmen (Ibañez)|11027|Madre Teresa De Calcuta|4|220|0|40|53|2|1|40|136|6|2|144|136|144
7001491|ALCALDESA/ALCALDE|32|Bolivia|7|Santa Cruz     |1|Andrés Ibáñez|4|La Guardia|2254|El Carmen (Ibañez)|11027|Madre Teresa De Calcuta|5|220|0|72|44|3|1|33|153|1|8|162|153|162
7001501|ALCALDESA/ALCALDE|32|Bolivia|7|Santa Cruz     |1|Andrés Ibáñez|4|La Guardia|2254|El Carmen (Ibañez)|11027|Madre Teresa De Calcuta|6|220|0|52|49|2|1|38|142|0|13|155|142|155
7001511|ALCALDESA/ALCALDE|32|Bolivia|7|Santa Cruz     |1|Andrés Ibáñez|4|La Guardia|2254|El Carmen (Ibañez)|11027|Madre Teresa De Calcuta|7|220|0|55|47|4|1|37|144|1|7|152|144|152
7001521|ALCALDESA/ALCALDE|32|Bolivia|7|Santa Cruz     |1|Andrés Ibáñez|4|La Guardia|2254|El Carmen (Ibañez)|11027|Madre Teresa De Calcuta|8|220|0|47|46|5|0|38|136|1|6|143|136|143
7001531|ALCALDESA/ALCALDE|32|Bolivia|7|Santa Cruz     |1|Andrés Ibáñez|4|La Guardia|2254|El Carmen (Ibañez)|11027|Madre Teresa De Calcuta|9|220|0|48|58|1|1|38|146|0|9|155|146|155
7001541|ALCALDESA/ALCALDE|32|Bolivia|7|Santa Cruz     |1|Andrés Ibáñez|4|La Guardia|2254|El Carmen (Ibañez)|11027|Madre Teresa De Calcuta|10|220|0|47|58|0|1|29|135|0|4|139|135|139
7001551|ALCALDESA/ALCALDE|32|Bolivia|7|Santa Cruz     |1|Andrés Ibáñez|4|La Guardia|2254|El Carmen (Ibañez)|11027|Madre Teresa De Calcuta|11|208|0|63|32|1|1|47|144|0|6|150|144|150
7001561|ALCALDESA/ALCALDE|32|Bolivia|7|Santa Cruz     |1|Andrés Ibáñez|4|La Guardia|2254|El Carmen (Ibañez)|25407|U.E. Ayacucho|1|220|0|42|32|0|2|28|104|1|10|115|104|115
7001571|ALCALDESA/ALCALDE|32|Bolivia|7|Santa Cruz     |1|Andrés Ibáñez|4|La Guardia|2254|El Carmen (Ibañez)|25407|U.E. Ayacucho|2|220|0|33|30|8|3|34|108|0|6|114|108|114
7001581|ALCALDESA/ALCALDE|32|Bolivia|7|Santa Cruz     |1|Andrés Ibáñez|4|La Guardia|2254|El Carmen (Ibañez)|25407|U.E. Ayacucho|3|220|0|29|27|2|5|38|101|2|11|114|101|114
7001591|ALCALDESA/ALCALDE|32|Bolivia|7|Santa Cruz     |1|Andrés Ibáñez|4|La Guardia|2254|El Carmen (Ibañez)|25407|U.E. Ayacucho|4|50|0|7|8|0|1|1|17|0|19|36|17|36
7001601|ALCALDESA/ALCALDE|32|Bolivia|7|Santa Cruz     |1|Andrés Ibáñez|4|La Guardia|2254|El Carmen (Ibañez)|25408|U.E. Cordecruz|1|220|0|43|44|1|2|36|126|0|4|130|126|130
7001611|ALCALDESA/ALCALDE|32|Bolivia|7|Santa Cruz     |1|Andrés Ibáñez|4|La Guardia|2254|El Carmen (Ibañez)|25408|U.E. Cordecruz|2|220|0|29|49|3|1|45|127|3|2|132|127|132
7001621|ALCALDESA/ALCALDE|32|Bolivia|7|Santa Cruz     |1|Andrés Ibáñez|4|La Guardia|2254|El Carmen (Ibañez)|25408|U.E. Cordecruz|3|220|0|35|51|1|1|51|139|0|6|145|139|145
7001631|ALCALDESA/ALCALDE|32|Bolivia|7|Santa Cruz     |1|Andrés Ibáñez|4|La Guardia|2254|El Carmen (Ibañez)|25408|U.E. Cordecruz|4|220|0|41|41|1|1|37|121|0|3|124|121|124
7001641|ALCALDESA/ALCALDE|32|Bolivia|7|Santa Cruz     |1|Andrés Ibáñez|4|La Guardia|2254|El Carmen (Ibañez)|25408|U.E. Cordecruz|5|220|0|32|43|1|0|31|107|0|1|108|107|108
7001651|ALCALDESA/ALCALDE|32|Bolivia|7|Santa Cruz     |1|Andrés Ibáñez|4|La Guardia|2254|El Carmen (Ibañez)|25408|U.E. Cordecruz|6|220|0|29|50|2|3|38|122|0|3|125|122|125
7001661|ALCALDESA/ALCALDE|32|Bolivia|7|Santa Cruz     |1|Andrés Ibáñez|4|La Guardia|2254|El Carmen (Ibañez)|25408|U.E. Cordecruz|7|220|0|33|43|3|2|41|122|0|4|126|122|126
7001671|ALCALDESA/ALCALDE|32|Bolivia|7|Santa Cruz     |1|Andrés Ibáñez|4|La Guardia|2254|El Carmen (Ibañez)|25408|U.E. Cordecruz|8|220|0|40|48|5|2|27|122|0|1|123|122|123
7001681|ALCALDESA/ALCALDE|32|Bolivia|7|Santa Cruz     |1|Andrés Ibáñez|4|La Guardia|2254|El Carmen (Ibañez)|25408|U.E. Cordecruz|9|220|0|34|43|0|0|37|114|0|4|118|114|118
7001691|ALCALDESA/ALCALDE|32|Bolivia|7|Santa Cruz     |1|Andrés Ibáñez|4|La Guardia|2254|El Carmen (Ibañez)|25408|U.E. Cordecruz|10|220|0|25|45|1|1|47|119|0|2|121|119|121
7001701|ALCALDESA/ALCALDE|32|Bolivia|7|Santa Cruz     |1|Andrés Ibáñez|4|La Guardia|2254|El Carmen (Ibañez)|25408|U.E. Cordecruz|11|220|0|39|27|3|1|49|119|2|1|122|119|122
7001711|ALCALDESA/ALCALDE|32|Bolivia|7|Santa Cruz     |1|Andrés Ibáñez|4|La Guardia|2254|El Carmen (Ibañez)|25408|U.E. Cordecruz|12|220|0|37|36|2|7|33|115|0|7|122|115|122
7001721|ALCALDESA/ALCALDE|32|Bolivia|7|Santa Cruz     |1|Andrés Ibáñez|4|La Guardia|2254|El Carmen (Ibañez)|25408|U.E. Cordecruz|13|220|0|19|56|1|0|48|124|0|3|127|124|127
7001731|ALCALDESA/ALCALDE|32|Bolivia|7|Santa Cruz     |1|Andrés Ibáñez|4|La Guardia|2254|El Carmen (Ibañez)|25408|U.E. Cordecruz|14|220|0|36|51|1|3|34|125|0|2|127|125|127
7001741|ALCALDESA/ALCALDE|32|Bolivia|7|Santa Cruz     |1|Andrés Ibáñez|4|La Guardia|2254|El Carmen (Ibañez)|25408|U.E. Cordecruz|15|220|0|25|66|2|1|35|129|0|3|132|129|132
7001751|ALCALDESA/ALCALDE|32|Bolivia|7|Santa Cruz     |1|Andrés Ibáñez|4|La Guardia|2254|El Carmen (Ibañez)|25408|U.E. Cordecruz|16|220|0|33|44|2|1|43|123|0|4|127|123|127
7001761|ALCALDESA/ALCALDE|32|Bolivia|7|Santa Cruz     |1|Andrés Ibáñez|4|La Guardia|2254|El Carmen (Ibañez)|25408|U.E. Cordecruz|17|158|0|22|36|2|2|33|95|1|1|97|95|97
7001771|ALCALDESA/ALCALDE|32|Bolivia|7|Santa Cruz     |1|Andrés Ibáñez|4|La Guardia|2254|El Carmen (Ibañez)|25409|U.E. Jose Mariano Serrano|1|220|0|55|49|4|2|30|140|3|3|146|140|146
7001781|ALCALDESA/ALCALDE|32|Bolivia|7|Santa Cruz     |1|Andrés Ibáñez|4|La Guardia|2254|El Carmen (Ibañez)|25409|U.E. Jose Mariano Serrano|2|220|0|50|41|1|3|53|148|0|2|150|148|150
7001791|ALCALDESA/ALCALDE|32|Bolivia|7|Santa Cruz     |1|Andrés Ibáñez|4|La Guardia|2254|El Carmen (Ibañez)|25409|U.E. Jose Mariano Serrano|3|220|0|54|39|3|2|39|137|2|9|148|137|148
7001801|ALCALDESA/ALCALDE|32|Bolivia|7|Santa Cruz     |1|Andrés Ibáñez|4|La Guardia|2254|El Carmen (Ibañez)|25409|U.E. Jose Mariano Serrano|4|220|0|46|46|2|1|36|131|1|7|139|131|139
7001811|ALCALDESA/ALCALDE|32|Bolivia|7|Santa Cruz     |1|Andrés Ibáñez|4|La Guardia|2254|El Carmen (Ibañez)|25409|U.E. Jose Mariano Serrano|5|220|0|54|37|2|2|40|135|0|8|143|135|143
7001821|ALCALDESA/ALCALDE|32|Bolivia|7|Santa Cruz     |1|Andrés Ibáñez|4|La Guardia|2254|El Carmen (Ibañez)|25409|U.E. Jose Mariano Serrano|6|220|0|63|36|2|1|29|131|1|10|142|131|142
7001831|ALCALDESA/ALCALDE|32|Bolivia|7|Santa Cruz     |1|Andrés Ibáñez|4|La Guardia|2254|El Carmen (Ibañez)|25409|U.E. Jose Mariano Serrano|7|220|0|51|46|1|3|24|125|1|9|135|125|135
7001841|ALCALDESA/ALCALDE|32|Bolivia|7|Santa Cruz     |1|Andrés Ibáñez|4|La Guardia|2254|El Carmen (Ibañez)|25409|U.E. Jose Mariano Serrano|8|220|0|46|35|3|3|47|134|1|5|140|134|140
7001851|ALCALDESA/ALCALDE|32|Bolivia|7|Santa Cruz     |1|Andrés Ibáñez|4|La Guardia|2254|El Carmen (Ibañez)|25409|U.E. Jose Mariano Serrano|9|220|0|39|46|3|5|43|136|0|8|144|136|144
7001861|ALCALDESA/ALCALDE|32|Bolivia|7|Santa Cruz     |1|Andrés Ibáñez|4|La Guardia|2254|El Carmen (Ibañez)|25409|U.E. Jose Mariano Serrano|10|220|0|54|45|2|2|30|133|1|5|139|133|139
7001871|ALCALDESA/ALCALDE|32|Bolivia|7|Santa Cruz     |1|Andrés Ibáñez|4|La Guardia|2254|El Carmen (Ibañez)|25409|U.E. Jose Mariano Serrano|11|220|0|37|52|0|3|37|129|0|7|136|129|136
7001881|ALCALDESA/ALCALDE|32|Bolivia|7|Santa Cruz     |1|Andrés Ibáñez|4|La Guardia|2254|El Carmen (Ibañez)|25409|U.E. Jose Mariano Serrano|12|220|0|52|41|1|1|37|132|1|3|136|132|136
7001891|ALCALDESA/ALCALDE|32|Bolivia|7|Santa Cruz     |1|Andrés Ibáñez|4|La Guardia|2254|El Carmen (Ibañez)|25409|U.E. Jose Mariano Serrano|13|111|0|29|29|1|1|17|77|0|4|81|77|81
7001901|ALCALDESA/ALCALDE|32|Bolivia|7|Santa Cruz     |1|Andrés Ibáñez|4|La Guardia|2254|El Carmen (Ibañez)|25410|U.E. Tomas Morales Padilla|1|220|0|57|28|4|1|33|123|1|6|130|123|130
7001911|ALCALDESA/ALCALDE|32|Bolivia|7|Santa Cruz     |1|Andrés Ibáñez|4|La Guardia|2254|El Carmen (Ibañez)|25410|U.E. Tomas Morales Padilla|2|220|0|65|33|0|0|48|146|0|13|159|146|159
7001921|ALCALDESA/ALCALDE|32|Bolivia|7|Santa Cruz     |1|Andrés Ibáñez|4|La Guardia|2254|El Carmen (Ibañez)|25410|U.E. Tomas Morales Padilla|3|220|0|74|23|5|2|34|138|0|3|141|138|141
7001931|ALCALDESA/ALCALDE|32|Bolivia|7|Santa Cruz     |1|Andrés Ibáñez|4|La Guardia|2254|El Carmen (Ibañez)|25410|U.E. Tomas Morales Padilla|4|220|0|48|39|1|3|36|127|0|6|133|127|133
7001941|ALCALDESA/ALCALDE|32|Bolivia|7|Santa Cruz     |1|Andrés Ibáñez|4|La Guardia|2254|El Carmen (Ibañez)|25410|U.E. Tomas Morales Padilla|5|220|0|55|25|5|3|45|133|1|3|137|133|137
7001951|ALCALDESA/ALCALDE|32|Bolivia|7|Santa Cruz     |1|Andrés Ibáñez|4|La Guardia|2254|El Carmen (Ibañez)|25410|U.E. Tomas Morales Padilla|6|220|0|50|27|4|2|56|139|1|5|145|139|145
7001961|ALCALDESA/ALCALDE|32|Bolivia|7|Santa Cruz     |1|Andrés Ibáñez|4|La Guardia|2254|El Carmen (Ibañez)|25410|U.E. Tomas Morales Padilla|7|220|0|75|27|0|1|39|142|0|9|151|142|151
7001971|ALCALDESA/ALCALDE|32|Bolivia|7|Santa Cruz     |1|Andrés Ibáñez|4|La Guardia|2254|El Carmen (Ibañez)|25410|U.E. Tomas Morales Padilla|8|220|0|62|27|3|1|47|140|0|8|148|140|148
7001981|ALCALDESA/ALCALDE|32|Bolivia|7|Santa Cruz     |1|Andrés Ibáñez|4|La Guardia|2254|El Carmen (Ibañez)|25410|U.E. Tomas Morales Padilla|9|220|0|57|21|2|4|9|93|4|9|106|93|106
7001991|ALCALDESA/ALCALDE|32|Bolivia|7|Santa Cruz     |1|Andrés Ibáñez|4|La Guardia|2254|El Carmen (Ibañez)|25410|U.E. Tomas Morales Padilla|10|220|0|73|38|4|0|32|147|1|7|155|147|155
7002001|ALCALDESA/ALCALDE|32|Bolivia|7|Santa Cruz     |1|Andrés Ibáñez|4|La Guardia|2254|El Carmen (Ibañez)|25410|U.E. Tomas Morales Padilla|11|220|0|41|31|1|0|59|132|0|10|142|132|142
7002011|ALCALDESA/ALCALDE|32|Bolivia|7|Santa Cruz     |1|Andrés Ibáñez|4|La Guardia|2254|El Carmen (Ibañez)|25410|U.E. Tomas Morales Padilla|12|220|0|57|41|3|1|41|143|0|11|154|143|154
7002021|ALCALDESA/ALCALDE|32|Bolivia|7|Santa Cruz     |1|Andrés Ibáñez|4|La Guardia|2254|El Carmen (Ibañez)|25410|U.E. Tomas Morales Padilla|13|220|0|57|26|10|0|36|129|3|14|146|129|146
7002031|ALCALDESA/ALCALDE|32|Bolivia|7|Santa Cruz     |1|Andrés Ibáñez|4|La Guardia|2254|El Carmen (Ibañez)|25410|U.E. Tomas Morales Padilla|14|119|0|36|11|4|1|24|76|1|8|85|76|85
7002041|ALCALDESA/ALCALDE|32|Bolivia|7|Santa Cruz     |1|Andrés Ibáñez|4|La Guardia|2254|El Carmen (Ibañez)|25675|U.E.  Juan Pablo II EPDB|1|220|0|48|47|1|2|42|140|0|8|148|140|148
7002051|ALCALDESA/ALCALDE|32|Bolivia|7|Santa Cruz     |1|Andrés Ibáñez|4|La Guardia|2254|El Carmen (Ibañez)|25675|U.E.  Juan Pablo II EPDB|2|220|0|42|48|1|1|52|144|1|3|148|144|148
7002061|ALCALDESA/ALCALDE|32|Bolivia|7|Santa Cruz     |1|Andrés Ibáñez|4|La Guardia|2254|El Carmen (Ibañez)|25675|U.E.  Juan Pablo II EPDB|3|220|0|34|32|8|6|51|131|0|11|142|131|142
7002071|ALCALDESA/ALCALDE|32|Bolivia|7|Santa Cruz     |1|Andrés Ibáñez|4|La Guardia|2254|El Carmen (Ibañez)|25675|U.E.  Juan Pablo II EPDB|4|101|0|21|18|1|0|26|66|0|0|66|66|66
7002081|ALCALDESA/ALCALDE|32|Bolivia|7|Santa Cruz     |1|Andrés Ibáñez|4|La Guardia|2254|El Carmen (Ibañez)|26350|U. E. Paraiso I|1|106|0|36|10|3|0|18|67|0|3|70|67|70
7002091|ALCALDESA/ALCALDE|32|Bolivia|7|Santa Cruz     |1|Andrés Ibáñez|4|La Guardia|2254|El Carmen (Ibañez)|26351|U. E. Metropolitana II|1|220|0|59|23|15|1|45|143|1|9|153|143|153
7002101|ALCALDESA/ALCALDE|32|Bolivia|7|Santa Cruz     |1|Andrés Ibáñez|4|La Guardia|2254|El Carmen (Ibañez)|26351|U. E. Metropolitana II|2|97|0|26|6|10|0|25|67|1|3|71|67|71
7002111|ALCALDESA/ALCALDE|32|Bolivia|7|Santa Cruz     |1|Andrés Ibáñez|4|La Guardia|2254|El Carmen (Ibañez)|26395|U.E. Oscar Adriasola Valda|1|54|0|8|7|1|0|24|40|0|1|41|40|41
7002121|ALCALDESA/ALCALDE|32|Bolivia|7|Santa Cruz     |1|Andrés Ibáñez|4|La Guardia|2254|El Carmen (Ibañez)|25674|U.E. Hna. Maria del Pilar Mateo|1|220|0|32|65|0|1|46|144|0|2|146|144|146
7002131|ALCALDESA/ALCALDE|32|Bolivia|7|Santa Cruz     |1|Andrés Ibáñez|4|La Guardia|2254|El Carmen (Ibañez)|25674|U.E. Hna. Maria del Pilar Mateo|2|132|0|17|45|2|1|35|100|0|1|101|100|101
7002141|ALCALDESA/ALCALDE|32|Bolivia|7|Santa Cruz     |1|Andrés Ibáñez|4|La Guardia|2255|Kilómetro Doce|11020|Escuela Nueva Esperanza|1|220|0|26|37|10|2|67|142|0|5|147|142|147
7002151|ALCALDESA/ALCALDE|32|Bolivia|7|Santa Cruz     |1|Andrés Ibáñez|4|La Guardia|2255|Kilómetro Doce|11020|Escuela Nueva Esperanza|2|220|0|33|42|18|1|57|151|2|5|158|151|158
7002161|ALCALDESA/ALCALDE|32|Bolivia|7|Santa Cruz     |1|Andrés Ibáñez|4|La Guardia|2255|Kilómetro Doce|11020|Escuela Nueva Esperanza|3|220|0|30|37|15|1|65|148|1|7|156|148|156
7002171|ALCALDESA/ALCALDE|32|Bolivia|7|Santa Cruz     |1|Andrés Ibáñez|4|La Guardia|2255|Kilómetro Doce|11020|Escuela Nueva Esperanza|4|220|0|40|27|13|0|61|141|0|8|149|141|149
7002181|ALCALDESA/ALCALDE|32|Bolivia|7|Santa Cruz     |1|Andrés Ibáñez|4|La Guardia|2255|Kilómetro Doce|11020|Escuela Nueva Esperanza|5|220|0|33|35|17|1|62|148|0|4|152|148|152
7002191|ALCALDESA/ALCALDE|32|Bolivia|7|Santa Cruz     |1|Andrés Ibáñez|4|La Guardia|2255|Kilómetro Doce|11020|Escuela Nueva Esperanza|6|220|0|21|32|13|2|69|137|2|4|143|137|143
7002201|ALCALDESA/ALCALDE|32|Bolivia|7|Santa Cruz     |1|Andrés Ibáñez|4|La Guardia|2255|Kilómetro Doce|11020|Escuela Nueva Esperanza|7|220|0|37|46|15|2|57|157|0|3|160|157|160
7002211|ALCALDESA/ALCALDE|32|Bolivia|7|Santa Cruz     |1|Andrés Ibáñez|4|La Guardia|2255|Kilómetro Doce|11020|Escuela Nueva Esperanza|8|220|0|42|37|11|1|61|152|1|2|155|152|155
7002221|ALCALDESA/ALCALDE|32|Bolivia|7|Santa Cruz     |1|Andrés Ibáñez|4|La Guardia|2255|Kilómetro Doce|11020|Escuela Nueva Esperanza|9|220|0|18|42|17|2|60|139|0|3|142|139|142
7002231|ALCALDESA/ALCALDE|32|Bolivia|7|Santa Cruz     |1|Andrés Ibáñez|4|La Guardia|2255|Kilómetro Doce|11020|Escuela Nueva Esperanza|10|220|0|37|28|11|0|60|136|1|7|144|136|144
7002241|ALCALDESA/ALCALDE|32|Bolivia|7|Santa Cruz     |1|Andrés Ibáñez|4|La Guardia|2255|Kilómetro Doce|11020|Escuela Nueva Esperanza|11|220|0|41|37|10|0|60|148|1|2|151|148|151
7002251|ALCALDESA/ALCALDE|32|Bolivia|7|Santa Cruz     |1|Andrés Ibáñez|4|La Guardia|2255|Kilómetro Doce|11020|Escuela Nueva Esperanza|12|220|0|16|41|16|3|70|146|1|4|151|146|151
7002261|ALCALDESA/ALCALDE|32|Bolivia|7|Santa Cruz     |1|Andrés Ibáñez|4|La Guardia|2255|Kilómetro Doce|11020|Escuela Nueva Esperanza|13|220|0|33|44|15|3|64|159|1|5|165|159|165
7002271|ALCALDESA/ALCALDE|32|Bolivia|7|Santa Cruz     |1|Andrés Ibáñez|4|La Guardia|2255|Kilómetro Doce|11020|Escuela Nueva Esperanza|14|220|0|26|42|13|0|68|149|0|2|151|149|151
7002281|ALCALDESA/ALCALDE|32|Bolivia|7|Santa Cruz     |1|Andrés Ibáñez|4|La Guardia|2255|Kilómetro Doce|11020|Escuela Nueva Esperanza|15|210|0|36|24|21|2|45|128|1|4|133|128|133
7002291|ALCALDESA/ALCALDE|32|Bolivia|7|Santa Cruz     |1|Andrés Ibáñez|4|La Guardia|2255|Kilómetro Doce|11043|U.E. Integracion de las Americas|1|220|0|86|15|6|1|30|138|1|10|149|138|149
7002301|ALCALDESA/ALCALDE|32|Bolivia|7|Santa Cruz     |1|Andrés Ibáñez|4|La Guardia|2255|Kilómetro Doce|11043|U.E. Integracion de las Americas|2|220|0|98|14|4|3|25|144|0|9|153|144|153
7002311|ALCALDESA/ALCALDE|32|Bolivia|7|Santa Cruz     |1|Andrés Ibáñez|4|La Guardia|2255|Kilómetro Doce|11043|U.E. Integracion de las Americas|3|220|0|81|29|4|0|26|140|0|3|143|140|143
7002321|ALCALDESA/ALCALDE|32|Bolivia|7|Santa Cruz     |1|Andrés Ibáñez|4|La Guardia|2255|Kilómetro Doce|11043|U.E. Integracion de las Americas|4|220|0|95|10|1|1|29|136|1|14|151|136|151
7002331|ALCALDESA/ALCALDE|32|Bolivia|7|Santa Cruz     |1|Andrés Ibáñez|4|La Guardia|2255|Kilómetro Doce|11043|U.E. Integracion de las Americas|5|220|0|78|19|1|2|31|131|1|5|137|131|137
7002341|ALCALDESA/ALCALDE|32|Bolivia|7|Santa Cruz     |1|Andrés Ibáñez|4|La Guardia|2255|Kilómetro Doce|11043|U.E. Integracion de las Americas|6|220|0|83|20|8|4|31|146|1|13|160|146|160
7002351|ALCALDESA/ALCALDE|32|Bolivia|7|Santa Cruz     |1|Andrés Ibáñez|4|La Guardia|2255|Kilómetro Doce|11043|U.E. Integracion de las Americas|7|220|0|79|16|3|2|40|140|0|10|150|140|150
7002361|ALCALDESA/ALCALDE|32|Bolivia|7|Santa Cruz     |1|Andrés Ibáñez|4|La Guardia|2255|Kilómetro Doce|11043|U.E. Integracion de las Americas|8|40|0|18|2|0|0|4|24|0|1|25|24|25
7002371|ALCALDESA/ALCALDE|32|Bolivia|7|Santa Cruz     |1|Andrés Ibáñez|4|La Guardia|2255|Kilómetro Doce|11044|U.E. Barrio Lindo|1|220|0|71|22|1|0|64|158|0|6|164|158|164
7002381|ALCALDESA/ALCALDE|32|Bolivia|7|Santa Cruz     |1|Andrés Ibáñez|4|La Guardia|2255|Kilómetro Doce|11044|U.E. Barrio Lindo|2|220|0|75|29|0|2|49|155|0|6|161|155|161
7002391|ALCALDESA/ALCALDE|32|Bolivia|7|Santa Cruz     |1|Andrés Ibáñez|4|La Guardia|2255|Kilómetro Doce|11044|U.E. Barrio Lindo|3|220|0|71|18|0|2|50|141|1|11|153|141|153
7002401|ALCALDESA/ALCALDE|32|Bolivia|7|Santa Cruz     |1|Andrés Ibáñez|4|La Guardia|2255|Kilómetro Doce|11044|U.E. Barrio Lindo|4|220|0|64|22|0|2|66|154|1|11|166|154|166
7002411|ALCALDESA/ALCALDE|32|Bolivia|7|Santa Cruz     |1|Andrés Ibáñez|4|La Guardia|2255|Kilómetro Doce|11044|U.E. Barrio Lindo|5|220|0|85|17|4|1|53|160|0|6|166|160|166
7002421|ALCALDESA/ALCALDE|32|Bolivia|7|Santa Cruz     |1|Andrés Ibáñez|4|La Guardia|2255|Kilómetro Doce|11044|U.E. Barrio Lindo|6|220|0|73|24|3|1|48|149|1|8|158|149|158
7002431|ALCALDESA/ALCALDE|32|Bolivia|7|Santa Cruz     |1|Andrés Ibáñez|4|La Guardia|2255|Kilómetro Doce|11044|U.E. Barrio Lindo|7|220|0|57|27|1|2|58|145|0|10|155|145|155
7002441|ALCALDESA/ALCALDE|32|Bolivia|7|Santa Cruz     |1|Andrés Ibáñez|4|La Guardia|2255|Kilómetro Doce|11044|U.E. Barrio Lindo|8|220|0|62|21|2|3|59|147|0|6|153|147|153
7002451|ALCALDESA/ALCALDE|32|Bolivia|7|Santa Cruz     |1|Andrés Ibáñez|4|La Guardia|2255|Kilómetro Doce|11044|U.E. Barrio Lindo|9|220|0|68|20|1|1|49|139|0|13|152|139|152
7002461|ALCALDESA/ALCALDE|32|Bolivia|7|Santa Cruz     |1|Andrés Ibáñez|4|La Guardia|2255|Kilómetro Doce|11044|U.E. Barrio Lindo|10|220|0|59|27|0|2|56|144|2|7|153|144|153
7002471|ALCALDESA/ALCALDE|32|Bolivia|7|Santa Cruz     |1|Andrés Ibáñez|4|La Guardia|2255|Kilómetro Doce|11044|U.E. Barrio Lindo|11|220|0|65|20|4|0|49|138|72|10|220|138|220
7002481|ALCALDESA/ALCALDE|32|Bolivia|7|Santa Cruz     |1|Andrés Ibáñez|4|La Guardia|2255|Kilómetro Doce|11044|U.E. Barrio Lindo|12|93|0|24|12|0|0|27|63|1|29|93|63|93
7002491|ALCALDESA/ALCALDE|32|Bolivia|7|Santa Cruz     |1|Andrés Ibáñez|4|La Guardia|2255|Kilómetro Doce|11045|U.E. Angel Foianini Banzer II|1|220|0|46|36|4|0|41|127|0|4|131|127|131
7002501|ALCALDESA/ALCALDE|32|Bolivia|7|Santa Cruz     |1|Andrés Ibáñez|4|La Guardia|2255|Kilómetro Doce|11045|U.E. Angel Foianini Banzer II|2|220|0|48|43|6|2|31|130|1|3|134|130|134
7002511|ALCALDESA/ALCALDE|32|Bolivia|7|Santa Cruz     |1|Andrés Ibáñez|4|La Guardia|2255|Kilómetro Doce|11045|U.E. Angel Foianini Banzer II|3|220|0|44|42|4|1|46|137|1|9|147|137|147
7002521|ALCALDESA/ALCALDE|32|Bolivia|7|Santa Cruz     |1|Andrés Ibáñez|4|La Guardia|2255|Kilómetro Doce|11045|U.E. Angel Foianini Banzer II|4|220|0|46|35|0|2|52|135|0|9|144|135|144
7002531|ALCALDESA/ALCALDE|32|Bolivia|7|Santa Cruz     |1|Andrés Ibáñez|4|La Guardia|2255|Kilómetro Doce|11045|U.E. Angel Foianini Banzer II|5|131|0|22|26|5|2|30|85|0|2|87|85|87
7002541|ALCALDESA/ALCALDE|32|Bolivia|7|Santa Cruz     |1|Andrés Ibáñez|4|La Guardia|2255|Kilómetro Doce|25411|U.E. Hernando Zanabria|1|220|0|68|21|5|2|39|135|2|15|152|135|152
7002551|ALCALDESA/ALCALDE|32|Bolivia|7|Santa Cruz     |1|Andrés Ibáñez|4|La Guardia|2255|Kilómetro Doce|25411|U.E. Hernando Zanabria|2|220|0|95|16|2|0|24|137|0|10|147|137|147
7002561|ALCALDESA/ALCALDE|32|Bolivia|7|Santa Cruz     |1|Andrés Ibáñez|4|La Guardia|2255|Kilómetro Doce|25411|U.E. Hernando Zanabria|3|220|0|86|16|1|4|47|154|0|5|159|154|159
7002571|ALCALDESA/ALCALDE|32|Bolivia|7|Santa Cruz     |1|Andrés Ibáñez|4|La Guardia|2255|Kilómetro Doce|25411|U.E. Hernando Zanabria|4|220|0|72|31|5|3|33|144|0|6|150|144|150
7002581|ALCALDESA/ALCALDE|32|Bolivia|7|Santa Cruz     |1|Andrés Ibáñez|4|La Guardia|2255|Kilómetro Doce|25411|U.E. Hernando Zanabria|5|206|0|58|21|4|0|44|127|1|5|133|127|133
7002591|ALCALDESA/ALCALDE|32|Bolivia|7|Santa Cruz     |1|Andrés Ibáñez|4|La Guardia|2255|Kilómetro Doce|25412|U.E. Luz De Esperanza|1|220|0|23|28|9|0|72|132|0|3|135|132|135
7002601|ALCALDESA/ALCALDE|32|Bolivia|7|Santa Cruz     |1|Andrés Ibáñez|4|La Guardia|2255|Kilómetro Doce|25412|U.E. Luz De Esperanza|2|220|0|22|32|6|1|71|132|0|1|133|132|133
7002611|ALCALDESA/ALCALDE|32|Bolivia|7|Santa Cruz     |1|Andrés Ibáñez|4|La Guardia|2255|Kilómetro Doce|25412|U.E. Luz De Esperanza|3|206|0|27|30|6|0|70|133|0|2|135|133|135
7002621|ALCALDESA/ALCALDE|32|Bolivia|7|Santa Cruz     |1|Andrés Ibáñez|4|La Guardia|2255|Kilómetro Doce|25413|U.E. Bicentenario Arco Iris|1|220|0|24|47|4|1|53|129|0|9|138|129|138
7002631|ALCALDESA/ALCALDE|32|Bolivia|7|Santa Cruz     |1|Andrés Ibáñez|4|La Guardia|2255|Kilómetro Doce|25413|U.E. Bicentenario Arco Iris|2|220|0|38|38|7|1|65|149|0|6|155|149|155
7002641|ALCALDESA/ALCALDE|32|Bolivia|7|Santa Cruz     |1|Andrés Ibáñez|4|La Guardia|2255|Kilómetro Doce|25413|U.E. Bicentenario Arco Iris|3|220|0|16|46|3|1|59|125|0|4|129|125|129
7002651|ALCALDESA/ALCALDE|32|Bolivia|7|Santa Cruz     |1|Andrés Ibáñez|4|La Guardia|2255|Kilómetro Doce|25413|U.E. Bicentenario Arco Iris|4|220|0|33|56|6|1|52|148|0|2|150|148|150
7002661|ALCALDESA/ALCALDE|32|Bolivia|7|Santa Cruz     |1|Andrés Ibáñez|4|La Guardia|2255|Kilómetro Doce|25413|U.E. Bicentenario Arco Iris|5|97|0|13|31|5|0|24|73|0|2|75|73|75
7002671|ALCALDESA/ALCALDE|32|Bolivia|7|Santa Cruz     |1|Andrés Ibáñez|4|La Guardia|2255|Kilómetro Doce|26394|Módulo Maestro Pitágoras II|1|208|0|67|22|4|2|40|135|0|6|141|135|141
7002681|ALCALDESA/ALCALDE|32|Bolivia|7|Santa Cruz     |1|Andrés Ibáñez|4|La Guardia|2255|Kilómetro Doce|11041|Esc. Juana Azurduy De Padilla|1|220|0|41|39|5|0|59|144|0|7|151|144|151
7002691|ALCALDESA/ALCALDE|32|Bolivia|7|Santa Cruz     |1|Andrés Ibáñez|4|La Guardia|2255|Kilómetro Doce|11041|Esc. Juana Azurduy De Padilla|2|220|0|34|35|8|2|62|141|2|4|147|141|147
7002701|ALCALDESA/ALCALDE|32|Bolivia|7|Santa Cruz     |1|Andrés Ibáñez|4|La Guardia|2255|Kilómetro Doce|11041|Esc. Juana Azurduy De Padilla|3|220|0|45|34|4|2|39|124|1|8|133|124|133
7002711|ALCALDESA/ALCALDE|32|Bolivia|7|Santa Cruz     |1|Andrés Ibáñez|4|La Guardia|2255|Kilómetro Doce|11041|Esc. Juana Azurduy De Padilla|4|220|0|44|33|5|0|50|132|1|5|138|132|138
7002721|ALCALDESA/ALCALDE|32|Bolivia|7|Santa Cruz     |1|Andrés Ibáñez|4|La Guardia|2255|Kilómetro Doce|11041|Esc. Juana Azurduy De Padilla|5|220|0|34|39|2|1|71|147|1|6|154|147|154
7002731|ALCALDESA/ALCALDE|32|Bolivia|7|Santa Cruz     |1|Andrés Ibáñez|4|La Guardia|2255|Kilómetro Doce|11041|Esc. Juana Azurduy De Padilla|6|220|0|44|36|2|0|54|136|0|11|147|136|147
7002741|ALCALDESA/ALCALDE|32|Bolivia|7|Santa Cruz     |1|Andrés Ibáñez|4|La Guardia|2255|Kilómetro Doce|11041|Esc. Juana Azurduy De Padilla|7|220|0|43|39|5|1|45|133|0|7|140|133|140
7002751|ALCALDESA/ALCALDE|32|Bolivia|7|Santa Cruz     |1|Andrés Ibáñez|4|La Guardia|2255|Kilómetro Doce|11041|Esc. Juana Azurduy De Padilla|8|220|0|22|40|1|0|73|136|0|10|146|136|146
7002761|ALCALDESA/ALCALDE|32|Bolivia|7|Santa Cruz     |1|Andrés Ibáñez|4|La Guardia|2255|Kilómetro Doce|11041|Esc. Juana Azurduy De Padilla|9|220|0|45|47|2|1|57|152|0|6|158|152|158
7002771|ALCALDESA/ALCALDE|32|Bolivia|7|Santa Cruz     |1|Andrés Ibáñez|4|La Guardia|2255|Kilómetro Doce|11041|Esc. Juana Azurduy De Padilla|10|220|0|35|53|5|1|68|162|0|7|169|162|169
7002781|ALCALDESA/ALCALDE|32|Bolivia|7|Santa Cruz     |1|Andrés Ibáñez|4|La Guardia|2255|Kilómetro Doce|11041|Esc. Juana Azurduy De Padilla|11|220|0|45|39|4|3|60|151|0|3|154|151|154
7002791|ALCALDESA/ALCALDE|32|Bolivia|7|Santa Cruz     |1|Andrés Ibáñez|4|La Guardia|2255|Kilómetro Doce|11041|Esc. Juana Azurduy De Padilla|12|220|0|41|50|5|1|60|157|0|6|163|157|163
7002801|ALCALDESA/ALCALDE|32|Bolivia|7|Santa Cruz     |1|Andrés Ibáñez|4|La Guardia|2255|Kilómetro Doce|11041|Esc. Juana Azurduy De Padilla|13|117|0|27|14|1|2|28|72|0|3|75|72|75
7002811|ALCALDESA/ALCALDE|32|Bolivia|7|Santa Cruz     |1|Andrés Ibáñez|4|La Guardia|2256|San José (Ibañez)|11021|Esc. Ruben Dario Soliz|1|220|0|54|39|0|3|62|158|0|9|167|158|167
7002821|ALCALDESA/ALCALDE|32|Bolivia|7|Santa Cruz     |1|Andrés Ibáñez|4|La Guardia|2256|San José (Ibañez)|11021|Esc. Ruben Dario Soliz|2|220|0|72|22|4|2|56|156|0|9|165|156|165
7002831|ALCALDESA/ALCALDE|32|Bolivia|7|Santa Cruz     |1|Andrés Ibáñez|4|La Guardia|2256|San José (Ibañez)|11021|Esc. Ruben Dario Soliz|3|220|0|65|30|3|3|58|159|0|10|169|159|169
7002841|ALCALDESA/ALCALDE|32|Bolivia|7|Santa Cruz     |1|Andrés Ibáñez|4|La Guardia|2256|San José (Ibañez)|11021|Esc. Ruben Dario Soliz|4|220|0|76|21|1|0|55|153|1|6|160|153|160
7002851|ALCALDESA/ALCALDE|32|Bolivia|7|Santa Cruz     |1|Andrés Ibáñez|4|La Guardia|2256|San José (Ibañez)|11021|Esc. Ruben Dario Soliz|5|220|0|61|26|1|2|64|154|1|14|169|154|169
7002861|ALCALDESA/ALCALDE|32|Bolivia|7|Santa Cruz     |1|Andrés Ibáñez|4|La Guardia|2256|San José (Ibañez)|11021|Esc. Ruben Dario Soliz|6|220|0|67|30|1|3|52|153|1|11|165|153|165
7002871|ALCALDESA/ALCALDE|32|Bolivia|7|Santa Cruz     |1|Andrés Ibáñez|4|La Guardia|2256|San José (Ibañez)|11021|Esc. Ruben Dario Soliz|7|220|0|74|23|1|0|67|165|1|13|179|165|179
7002881|ALCALDESA/ALCALDE|32|Bolivia|7|Santa Cruz     |1|Andrés Ibáñez|4|La Guardia|2256|San José (Ibañez)|11021|Esc. Ruben Dario Soliz|8|220|0|72|31|1|0|56|160|0|13|173|160|173
7002891|ALCALDESA/ALCALDE|32|Bolivia|7|Santa Cruz     |1|Andrés Ibáñez|4|La Guardia|2256|San José (Ibañez)|11021|Esc. Ruben Dario Soliz|9|220|0|107|19|0|2|29|157|1|9|167|157|167
7002901|ALCALDESA/ALCALDE|32|Bolivia|7|Santa Cruz     |1|Andrés Ibáñez|4|La Guardia|2256|San José (Ibañez)|11021|Esc. Ruben Dario Soliz|10|220|0|68|27|1|1|46|143|1|10|154|143|154
7002911|ALCALDESA/ALCALDE|32|Bolivia|7|Santa Cruz     |1|Andrés Ibáñez|4|La Guardia|2256|San José (Ibañez)|11021|Esc. Ruben Dario Soliz|11|220|0|67|49|1|1|47|165|0|8|173|165|173
7002921|ALCALDESA/ALCALDE|32|Bolivia|7|Santa Cruz     |1|Andrés Ibáñez|4|La Guardia|2256|San José (Ibañez)|11021|Esc. Ruben Dario Soliz|12|220|0|68|31|3|2|51|155|2|13|170|155|170
7002931|ALCALDESA/ALCALDE|32|Bolivia|7|Santa Cruz     |1|Andrés Ibáñez|4|La Guardia|2256|San José (Ibañez)|11021|Esc. Ruben Dario Soliz|13|107|0|56|12|0|1|16|85|0|5|90|85|90
7002941|ALCALDESA/ALCALDE|32|Bolivia|7|Santa Cruz     |1|Andrés Ibáñez|4|La Guardia|2256|San José (Ibañez)|11039|U.E. San Carlos|1|220|0|44|26|3|0|86|159|2|6|167|159|167
7002951|ALCALDESA/ALCALDE|32|Bolivia|7|Santa Cruz     |1|Andrés Ibáñez|4|La Guardia|2256|San José (Ibañez)|11039|U.E. San Carlos|2|52|0|14|3|0|1|21|39|0|2|41|39|41
7002961|ALCALDESA/ALCALDE|32|Bolivia|7|Santa Cruz     |1|Andrés Ibáñez|4|La Guardia|2256|San José (Ibañez)|25415|U.E. Quebrada Seca|1|220|0|31|68|0|1|67|167|0|9|176|167|176
7002971|ALCALDESA/ALCALDE|32|Bolivia|7|Santa Cruz     |1|Andrés Ibáñez|4|La Guardia|2256|San José (Ibañez)|25415|U.E. Quebrada Seca|2|38|0|3|13|0|0|16|32|0|0|32|32|32
7002981|ALCALDESA/ALCALDE|32|Bolivia|7|Santa Cruz     |1|Andrés Ibáñez|4|La Guardia|2856|Simon Bolivar|26341|U. E. Cumbre de las Américas I|1|233|0|110|16|2|3|29|160|2|11|173|160|173
7002991|ALCALDESA/ALCALDE|32|Bolivia|7|Santa Cruz     |1|Andrés Ibáñez|4|La Guardia|2856|Simon Bolivar|11041|Esc. Central Angel Foianini|1|220|0|70|34|0|1|41|146|2|9|157|146|157
7003001|ALCALDESA/ALCALDE|32|Bolivia|7|Santa Cruz     |1|Andrés Ibáñez|4|La Guardia|2856|Simon Bolivar|11041|Esc. Central Angel Foianini|2|220|0|38|41|3|2|59|143|2|11|156|143|156
7003011|ALCALDESA/ALCALDE|32|Bolivia|7|Santa Cruz     |1|Andrés Ibáñez|4|La Guardia|2856|Simon Bolivar|11041|Esc. Central Angel Foianini|3|220|0|58|39|3|2|48|150|0|6|156|150|156
7003021|ALCALDESA/ALCALDE|32|Bolivia|7|Santa Cruz     |1|Andrés Ibáñez|4|La Guardia|2856|Simon Bolivar|11041|Esc. Central Angel Foianini|4|220|0|63|38|0|4|42|147|0|3|150|147|150
7003031|ALCALDESA/ALCALDE|32|Bolivia|7|Santa Cruz     |1|Andrés Ibáñez|4|La Guardia|2856|Simon Bolivar|11041|Esc. Central Angel Foianini|5|220|0|67|31|5|2|44|149|1|11|161|149|161
7003041|ALCALDESA/ALCALDE|32|Bolivia|7|Santa Cruz     |1|Andrés Ibáñez|4|La Guardia|2856|Simon Bolivar|11041|Esc. Central Angel Foianini|6|220|0|58|33|3|3|50|147|0|7|154|147|154
7003051|ALCALDESA/ALCALDE|32|Bolivia|7|Santa Cruz     |1|Andrés Ibáñez|4|La Guardia|2856|Simon Bolivar|11041|Esc. Central Angel Foianini|7|220|0|53|55|2|0|53|163|0|8|171|163|171
7003061|ALCALDESA/ALCALDE|32|Bolivia|7|Santa Cruz     |1|Andrés Ibáñez|4|La Guardia|2856|Simon Bolivar|11041|Esc. Central Angel Foianini|8|220|0|62|44|3|4|53|166|2|9|177|166|177
7003071|ALCALDESA/ALCALDE|32|Bolivia|7|Santa Cruz     |1|Andrés Ibáñez|4|La Guardia|2856|Simon Bolivar|11041|Esc. Central Angel Foianini|9|220|0|57|47|2|0|50|156|0|5|161|156|161
7003081|ALCALDESA/ALCALDE|32|Bolivia|7|Santa Cruz     |1|Andrés Ibáñez|4|La Guardia|2856|Simon Bolivar|11041|Esc. Central Angel Foianini|10|220|0|74|24|5|1|41|145|0|8|153|145|153
7003091|ALCALDESA/ALCALDE|32|Bolivia|7|Santa Cruz     |1|Andrés Ibáñez|4|La Guardia|2856|Simon Bolivar|11041|Esc. Central Angel Foianini|11|220|0|63|34|3|5|43|148|0|2|150|148|150
7003101|ALCALDESA/ALCALDE|32|Bolivia|7|Santa Cruz     |1|Andrés Ibáñez|4|La Guardia|2856|Simon Bolivar|11041|Esc. Central Angel Foianini|12|220|0|56|38|1|3|42|140|1|3|144|140|144
7003111|ALCALDESA/ALCALDE|32|Bolivia|7|Santa Cruz     |1|Andrés Ibáñez|4|La Guardia|2856|Simon Bolivar|11041|Esc. Central Angel Foianini|13|220|0|37|51|3|1|63|155|0|9|164|155|164
7003121|ALCALDESA/ALCALDE|32|Bolivia|7|Santa Cruz     |1|Andrés Ibáñez|4|La Guardia|2856|Simon Bolivar|11041|Esc. Central Angel Foianini|14|220|0|61|30|3|5|63|162|2|8|172|162|172
7003131|ALCALDESA/ALCALDE|32|Bolivia|7|Santa Cruz     |1|Andrés Ibáñez|4|La Guardia|2856|Simon Bolivar|11041|Esc. Central Angel Foianini|15|220|0|48|39|1|3|55|146|1|10|157|146|157
7003141|ALCALDESA/ALCALDE|32|Bolivia|7|Santa Cruz     |1|Andrés Ibáñez|4|La Guardia|2856|Simon Bolivar|11041|Esc. Central Angel Foianini|16|220|0|36|42|6|1|63|148|0|6|154|148|154
7003151|ALCALDESA/ALCALDE|32|Bolivia|7|Santa Cruz     |1|Andrés Ibáñez|4|La Guardia|2856|Simon Bolivar|11041|Esc. Central Angel Foianini|17|220|0|89|29|1|2|31|152|1|8|161|152|161
7003161|ALCALDESA/ALCALDE|32|Bolivia|7|Santa Cruz     |1|Andrés Ibáñez|4|La Guardia|2856|Simon Bolivar|11041|Esc. Central Angel Foianini|18|220|0|44|38|2|2|56|142|0|12|154|142|154
7003171|ALCALDESA/ALCALDE|32|Bolivia|7|Santa Cruz     |1|Andrés Ibáñez|4|La Guardia|2856|Simon Bolivar|11041|Esc. Central Angel Foianini|19|220|0|53|35|5|1|54|148|0|18|166|148|166
7003181|ALCALDESA/ALCALDE|32|Bolivia|7|Santa Cruz     |1|Andrés Ibáñez|4|La Guardia|2856|Simon Bolivar|11041|Esc. Central Angel Foianini|20|220|0|57|36|2|3|46|144|2|9|155|144|155
7003191|ALCALDESA/ALCALDE|32|Bolivia|7|Santa Cruz     |1|Andrés Ibáñez|4|La Guardia|2856|Simon Bolivar|11041|Esc. Central Angel Foianini|21|220|0|58|47|1|0|66|172|0|5|177|172|177
7003201|ALCALDESA/ALCALDE|32|Bolivia|7|Santa Cruz     |1|Andrés Ibáñez|4|La Guardia|2856|Simon Bolivar|11041|Esc. Central Angel Foianini|22|220|0|61|33|2|0|46|142|2|7|151|142|151
7003211|ALCALDESA/ALCALDE|32|Bolivia|7|Santa Cruz     |1|Andrés Ibáñez|4|La Guardia|2856|Simon Bolivar|11041|Esc. Central Angel Foianini|23|220|0|55|47|1|6|48|157|1|5|163|157|163
7003221|ALCALDESA/ALCALDE|32|Bolivia|7|Santa Cruz     |1|Andrés Ibáñez|4|La Guardia|2856|Simon Bolivar|11041|Esc. Central Angel Foianini|24|220|0|70|33|1|2|46|152|0|8|160|152|160
7003231|ALCALDESA/ALCALDE|32|Bolivia|7|Santa Cruz     |1|Andrés Ibáñez|4|La Guardia|2856|Simon Bolivar|11041|Esc. Central Angel Foianini|25|86|0|28|11|1|2|21|63|0|2|65|63|65
7003241|ALCALDESA/ALCALDE|32|Bolivia|7|Santa Cruz     |1|Andrés Ibáñez|4|La Guardia|2856|Simon Bolivar|11040|Escuela Maestro Pitagoras|1|220|0|71|29|2|2|35|139|1|5|145|139|145
7003251|ALCALDESA/ALCALDE|32|Bolivia|7|Santa Cruz     |1|Andrés Ibáñez|4|La Guardia|2856|Simon Bolivar|11040|Escuela Maestro Pitagoras|2|220|0|84|27|2|2|33|148|0|9|157|148|157
7003261|ALCALDESA/ALCALDE|32|Bolivia|7|Santa Cruz     |1|Andrés Ibáñez|4|La Guardia|2856|Simon Bolivar|11040|Escuela Maestro Pitagoras|3|220|0|73|23|2|1|44|143|2|8|153|143|153
7003271|ALCALDESA/ALCALDE|32|Bolivia|7|Santa Cruz     |1|Andrés Ibáñez|4|La Guardia|2856|Simon Bolivar|11040|Escuela Maestro Pitagoras|4|220|0|69|41|3|3|43|159|0|7|166|159|166
7003281|ALCALDESA/ALCALDE|32|Bolivia|7|Santa Cruz     |1|Andrés Ibáñez|4|La Guardia|2856|Simon Bolivar|11040|Escuela Maestro Pitagoras|5|220|0|71|26|3|3|35|138|2|14|154|138|154
7003291|ALCALDESA/ALCALDE|32|Bolivia|7|Santa Cruz     |1|Andrés Ibáñez|4|La Guardia|2856|Simon Bolivar|11040|Escuela Maestro Pitagoras|6|220|0|76|33|0|1|42|152|4|4|160|152|160
7003301|ALCALDESA/ALCALDE|32|Bolivia|7|Santa Cruz     |1|Andrés Ibáñez|4|La Guardia|2856|Simon Bolivar|11040|Escuela Maestro Pitagoras|7|220|0|81|32|1|1|29|144|1|13|158|144|158
7003311|ALCALDESA/ALCALDE|32|Bolivia|7|Santa Cruz     |1|Andrés Ibáñez|4|La Guardia|2856|Simon Bolivar|11040|Escuela Maestro Pitagoras|8|220|0|108|19|1|1|32|161|1|12|174|161|174
7003321|ALCALDESA/ALCALDE|32|Bolivia|7|Santa Cruz     |1|Andrés Ibáñez|4|La Guardia|2856|Simon Bolivar|11040|Escuela Maestro Pitagoras|9|220|0|76|34|3|1|36|150|2|11|163|150|163
7003331|ALCALDESA/ALCALDE|32|Bolivia|7|Santa Cruz     |1|Andrés Ibáñez|4|La Guardia|2856|Simon Bolivar|11040|Escuela Maestro Pitagoras|10|220|0|79|27|3|0|32|141|1|8|150|141|150
7003341|ALCALDESA/ALCALDE|32|Bolivia|7|Santa Cruz     |1|Andrés Ibáñez|4|La Guardia|2856|Simon Bolivar|11040|Escuela Maestro Pitagoras|11|220|0|84|24|6|2|32|148|2|6|156|148|156
7003351|ALCALDESA/ALCALDE|32|Bolivia|7|Santa Cruz     |1|Andrés Ibáñez|4|La Guardia|2856|Simon Bolivar|11040|Escuela Maestro Pitagoras|12|220|0|83|27|5|3|33|151|2|9|162|151|162
7003361|ALCALDESA/ALCALDE|32|Bolivia|7|Santa Cruz     |1|Andrés Ibáñez|4|La Guardia|2856|Simon Bolivar|11040|Escuela Maestro Pitagoras|13|220|0|95|28|4|1|33|161|0|13|174|161|174
7003371|ALCALDESA/ALCALDE|32|Bolivia|7|Santa Cruz     |1|Andrés Ibáñez|4|La Guardia|2856|Simon Bolivar|11040|Escuela Maestro Pitagoras|14|220|0|76|30|2|1|26|135|2|12|149|135|149
7003381|ALCALDESA/ALCALDE|32|Bolivia|7|Santa Cruz     |1|Andrés Ibáñez|4|La Guardia|2856|Simon Bolivar|11040|Escuela Maestro Pitagoras|15|220|0|75|24|1|3|45|148|3|14|165|148|165
7003391|ALCALDESA/ALCALDE|32|Bolivia|7|Santa Cruz     |1|Andrés Ibáñez|4|La Guardia|2856|Simon Bolivar|11040|Escuela Maestro Pitagoras|16|220|0|88|28|5|1|34|156|0|12|168|156|168
7003401|ALCALDESA/ALCALDE|32|Bolivia|7|Santa Cruz     |1|Andrés Ibáñez|4|La Guardia|2856|Simon Bolivar|11040|Escuela Maestro Pitagoras|17|220|0|92|21|3|2|26|144|1|18|163|144|163
7003411|ALCALDESA/ALCALDE|32|Bolivia|7|Santa Cruz     |1|Andrés Ibáñez|4|La Guardia|2856|Simon Bolivar|11040|Escuela Maestro Pitagoras|18|220|0|77|32|1|1|31|142|2|6|150|142|150
7003421|ALCALDESA/ALCALDE|32|Bolivia|7|Santa Cruz     |1|Andrés Ibáñez|4|La Guardia|2856|Simon Bolivar|11040|Escuela Maestro Pitagoras|19|220|0|87|29|0|2|37|155|1|4|160|155|160
7003431|ALCALDESA/ALCALDE|32|Bolivia|7|Santa Cruz     |1|Andrés Ibáñez|4|La Guardia|2856|Simon Bolivar|11040|Escuela Maestro Pitagoras|20|220|0|77|23|3|4|36|143|1|12|156|143|156
7003441|ALCALDESA/ALCALDE|32|Bolivia|7|Santa Cruz     |1|Andrés Ibáñez|4|La Guardia|2856|Simon Bolivar|11040|Escuela Maestro Pitagoras|21|220|0|84|26|3|0|29|142|2|9|153|142|153
7003451|ALCALDESA/ALCALDE|32|Bolivia|7|Santa Cruz     |1|Andrés Ibáñez|4|La Guardia|2856|Simon Bolivar|11040|Escuela Maestro Pitagoras|22|220|0|82|26|2|2|25|137|0|10|147|137|147
7003461|ALCALDESA/ALCALDE|32|Bolivia|7|Santa Cruz     |1|Andrés Ibáñez|4|La Guardia|2856|Simon Bolivar|11040|Escuela Maestro Pitagoras|23|220|0|81|35|3|1|36|156|0|9|165|156|165
7003471|ALCALDESA/ALCALDE|32|Bolivia|7|Santa Cruz     |1|Andrés Ibáñez|4|La Guardia|2856|Simon Bolivar|11040|Escuela Maestro Pitagoras|24|220|0|97|18|1|2|26|144|0|6|150|144|150
7003481|ALCALDESA/ALCALDE|32|Bolivia|7|Santa Cruz     |1|Andrés Ibáñez|4|La Guardia|2856|Simon Bolivar|11040|Escuela Maestro Pitagoras|25|220|0|80|24|3|4|44|155|1|8|164|155|164
7003491|ALCALDESA/ALCALDE|32|Bolivia|7|Santa Cruz     |1|Andrés Ibáñez|4|La Guardia|2856|Simon Bolivar|11040|Escuela Maestro Pitagoras|26|220|0|59|35|3|4|59|160|2|1|163|160|163
7003501|ALCALDESA/ALCALDE|32|Bolivia|7|Santa Cruz     |1|Andrés Ibáñez|4|La Guardia|2856|Simon Bolivar|11040|Escuela Maestro Pitagoras|27|220|0|73|30|1|0|44|148|0|14|162|148|162
7003511|ALCALDESA/ALCALDE|32|Bolivia|7|Santa Cruz     |1|Andrés Ibáñez|4|La Guardia|2856|Simon Bolivar|11040|Escuela Maestro Pitagoras|28|220|0|75|29|4|3|36|147|0|3|150|147|150
7003521|ALCALDESA/ALCALDE|32|Bolivia|7|Santa Cruz     |1|Andrés Ibáñez|4|La Guardia|2856|Simon Bolivar|11040|Escuela Maestro Pitagoras|29|220|0|73|29|2|5|43|152|0|10|162|152|162
7003531|ALCALDESA/ALCALDE|32|Bolivia|7|Santa Cruz     |1|Andrés Ibáñez|4|La Guardia|2856|Simon Bolivar|11040|Escuela Maestro Pitagoras|30|220|0|85|24|5|3|43|160|0|9|169|160|169
7003541|ALCALDESA/ALCALDE|32|Bolivia|7|Santa Cruz     |1|Andrés Ibáñez|4|La Guardia|2856|Simon Bolivar|11040|Escuela Maestro Pitagoras|31|220|0|77|31|3|2|35|148|1|10|159|148|159
7003551|ALCALDESA/ALCALDE|32|Bolivia|7|Santa Cruz     |1|Andrés Ibáñez|4|La Guardia|2856|Simon Bolivar|11040|Escuela Maestro Pitagoras|32|220|0|74|31|2|2|33|142|0|12|154|142|154
7003561|ALCALDESA/ALCALDE|32|Bolivia|7|Santa Cruz     |1|Andrés Ibáñez|4|La Guardia|2856|Simon Bolivar|11040|Escuela Maestro Pitagoras|33|220|0|89|24|1|0|37|151|0|12|163|151|163
7003571|ALCALDESA/ALCALDE|32|Bolivia|7|Santa Cruz     |1|Andrés Ibáñez|4|La Guardia|2856|Simon Bolivar|11040|Escuela Maestro Pitagoras|34|220|0|93|24|2|3|31|153|0|2|155|153|155
7003581|ALCALDESA/ALCALDE|32|Bolivia|7|Santa Cruz     |1|Andrés Ibáñez|4|La Guardia|2856|Simon Bolivar|11040|Escuela Maestro Pitagoras|35|28|0|10|4|0|0|9|23|0|0|23|23|23
7003591|ALCALDESA/ALCALDE|32|Bolivia|7|Santa Cruz     |1|Andrés Ibáñez|4|La Guardia|3059|Brecha 3|9013|Esc. La Peña- Brecha-3|1|220|0|71|4|2|4|53|134|3|11|148|134|148
7003601|ALCALDESA/ALCALDE|32|Bolivia|7|Santa Cruz     |1|Andrés Ibáñez|4|La Guardia|3059|Brecha 3|9013|Esc. La Peña- Brecha-3|2|220|0|60|7|2|3|71|143|3|10|156|143|156
7003611|ALCALDESA/ALCALDE|32|Bolivia|7|Santa Cruz     |1|Andrés Ibáñez|4|La Guardia|3059|Brecha 3|9013|Esc. La Peña- Brecha-3|3|220|0|61|6|1|2|76|146|0|10|156|146|156
7003621|ALCALDESA/ALCALDE|32|Bolivia|7|Santa Cruz     |1|Andrés Ibáñez|4|La Guardia|3059|Brecha 3|9013|Esc. La Peña- Brecha-3|4|220|0|63|10|1|4|71|149|3|6|158|149|158
7003631|ALCALDESA/ALCALDE|32|Bolivia|7|Santa Cruz     |1|Andrés Ibáñez|4|La Guardia|3059|Brecha 3|9013|Esc. La Peña- Brecha-3|5|34|0|12|0|1|1|10|24|2|2|28|24|28
7003641|ALCALDESA/ALCALDE|32|Bolivia|7|Santa Cruz     |11|Ñuflo De Chávez|2|San Javier|2475|San Javier (Ñ.de Chavez)|20007|U.E. Adolfo Burton|1|220|96|91|0|0|0|0|187|2|3|192|187|192
7003651|ALCALDESA/ALCALDE|32|Bolivia|7|Santa Cruz     |11|Ñuflo De Chávez|2|San Javier|2475|San Javier (Ñ.de Chavez)|20007|U.E. Adolfo Burton|2|220|91|73|0|0|0|0|164|4|3|171|164|171
7003661|ALCALDESA/ALCALDE|32|Bolivia|7|Santa Cruz     |11|Ñuflo De Chávez|2|San Javier|2475|San Javier (Ñ.de Chavez)|20007|U.E. Adolfo Burton|3|220|107|60|0|0|0|0|167|2|2|171|167|171
7003671|ALCALDESA/ALCALDE|32|Bolivia|7|Santa Cruz     |11|Ñuflo De Chávez|2|San Javier|2475|San Javier (Ñ.de Chavez)|20007|U.E. Adolfo Burton|4|220|80|94|0|0|0|0|174|1|4|179|174|179
7003681|ALCALDESA/ALCALDE|32|Bolivia|7|Santa Cruz     |11|Ñuflo De Chávez|2|San Javier|2475|San Javier (Ñ.de Chavez)|20007|U.E. Adolfo Burton|5|220|103|78|0|0|0|0|181|2|2|185|181|185
7003691|ALCALDESA/ALCALDE|32|Bolivia|7|Santa Cruz     |11|Ñuflo De Chávez|2|San Javier|2475|San Javier (Ñ.de Chavez)|20007|U.E. Adolfo Burton|6|220|80|92|0|0|0|0|172|1|2|175|172|175
7003701|ALCALDESA/ALCALDE|32|Bolivia|7|Santa Cruz     |11|Ñuflo De Chávez|2|San Javier|2475|San Javier (Ñ.de Chavez)|20007|U.E. Adolfo Burton|7|220|92|84|0|0|0|0|176|0|2|178|176|178
7003711|ALCALDESA/ALCALDE|32|Bolivia|7|Santa Cruz     |11|Ñuflo De Chávez|2|San Javier|2475|San Javier (Ñ.de Chavez)|20007|U.E. Adolfo Burton|8|220|103|81|0|0|0|0|184|3|1|188|184|188
7003721|ALCALDESA/ALCALDE|32|Bolivia|7|Santa Cruz     |11|Ñuflo De Chávez|2|San Javier|2475|San Javier (Ñ.de Chavez)|20007|U.E. Adolfo Burton|9|220|89|86|0|0|0|0|175|1|3|179|175|179
7003731|ALCALDESA/ALCALDE|32|Bolivia|7|Santa Cruz     |11|Ñuflo De Chávez|2|San Javier|2475|San Javier (Ñ.de Chavez)|20007|U.E. Adolfo Burton|10|220|90|90|0|0|0|0|180|3|1|184|180|184
7003741|ALCALDESA/ALCALDE|32|Bolivia|7|Santa Cruz     |11|Ñuflo De Chávez|2|San Javier|2475|San Javier (Ñ.de Chavez)|20007|U.E. Adolfo Burton|11|220|81|73|0|0|0|0|154|1|6|161|154|161
7003751|ALCALDESA/ALCALDE|32|Bolivia|7|Santa Cruz     |11|Ñuflo De Chávez|2|San Javier|2475|San Javier (Ñ.de Chavez)|20007|U.E. Adolfo Burton|12|220|93|82|0|0|0|0|175|0|1|176|175|176
7003761|ALCALDESA/ALCALDE|32|Bolivia|7|Santa Cruz     |11|Ñuflo De Chávez|2|San Javier|2475|San Javier (Ñ.de Chavez)|20007|U.E. Adolfo Burton|13|220|82|111|0|0|0|0|193|0|3|196|193|196
7003771|ALCALDESA/ALCALDE|32|Bolivia|7|Santa Cruz     |11|Ñuflo De Chávez|2|San Javier|2475|San Javier (Ñ.de Chavez)|20007|U.E. Adolfo Burton|14|220|112|82|0|0|0|0|194|0|4|198|194|198
7003781|ALCALDESA/ALCALDE|32|Bolivia|7|Santa Cruz     |11|Ñuflo De Chávez|2|San Javier|2475|San Javier (Ñ.de Chavez)|20007|U.E. Adolfo Burton|15|220|118|68|0|0|0|0|186|0|4|190|186|190
7003791|ALCALDESA/ALCALDE|32|Bolivia|7|Santa Cruz     |11|Ñuflo De Chávez|2|San Javier|2475|San Javier (Ñ.de Chavez)|20007|U.E. Adolfo Burton|16|220|73|98|0|0|0|0|171|3|3|177|171|177
7003801|ALCALDESA/ALCALDE|32|Bolivia|7|Santa Cruz     |11|Ñuflo De Chávez|2|San Javier|2475|San Javier (Ñ.de Chavez)|20007|U.E. Adolfo Burton|17|220|120|62|0|0|0|0|182|2|3|187|182|187
7003811|ALCALDESA/ALCALDE|32|Bolivia|7|Santa Cruz     |11|Ñuflo De Chávez|2|San Javier|2475|San Javier (Ñ.de Chavez)|20007|U.E. Adolfo Burton|18|220|108|64|0|0|0|0|172|0|2|174|172|174
7003821|ALCALDESA/ALCALDE|32|Bolivia|7|Santa Cruz     |11|Ñuflo De Chávez|2|San Javier|2475|San Javier (Ñ.de Chavez)|20007|U.E. Adolfo Burton|19|22|13|6|0|0|0|0|19|1|0|20|19|20
7003831|ALCALDESA/ALCALDE|32|Bolivia|7|Santa Cruz     |11|Ñuflo De Chávez|2|San Javier|2475|San Javier (Ñ.de Chavez)|26347|U. E. Guillermo Añez|1|220|81|82|0|0|0|0|163|3|6|172|163|172
7003841|ALCALDESA/ALCALDE|32|Bolivia|7|Santa Cruz     |11|Ñuflo De Chávez|2|San Javier|2475|San Javier (Ñ.de Chavez)|26347|U. E. Guillermo Añez|2|220|83|88|0|0|0|0|171|3|8|182|171|182
7003851|ALCALDESA/ALCALDE|32|Bolivia|7|Santa Cruz     |11|Ñuflo De Chávez|2|San Javier|2475|San Javier (Ñ.de Chavez)|26347|U. E. Guillermo Añez|3|220|144|50|0|0|0|0|194|0|2|196|194|196
7003861|ALCALDESA/ALCALDE|32|Bolivia|7|Santa Cruz     |11|Ñuflo De Chávez|2|San Javier|2475|San Javier (Ñ.de Chavez)|26347|U. E. Guillermo Añez|4|220|90|93|0|0|0|0|183|0|1|184|183|184
7003871|ALCALDESA/ALCALDE|32|Bolivia|7|Santa Cruz     |11|Ñuflo De Chávez|2|San Javier|2475|San Javier (Ñ.de Chavez)|26347|U. E. Guillermo Añez|5|220|98|81|0|0|0|0|179|0|1|180|179|180
7003881|ALCALDESA/ALCALDE|32|Bolivia|7|Santa Cruz     |11|Ñuflo De Chávez|2|San Javier|2475|San Javier (Ñ.de Chavez)|26347|U. E. Guillermo Añez|6|220|104|88|0|0|0|0|192|0|0|192|192|192
7003891|ALCALDESA/ALCALDE|32|Bolivia|7|Santa Cruz     |11|Ñuflo De Chávez|2|San Javier|2475|San Javier (Ñ.de Chavez)|26347|U. E. Guillermo Añez|7|220|86|103|0|0|0|0|189|0|1|190|189|190
7003901|ALCALDESA/ALCALDE|32|Bolivia|7|Santa Cruz     |11|Ñuflo De Chávez|2|San Javier|2475|San Javier (Ñ.de Chavez)|26347|U. E. Guillermo Añez|8|220|89|82|0|0|0|0|171|2|2|175|171|175
7003911|ALCALDESA/ALCALDE|32|Bolivia|7|Santa Cruz     |11|Ñuflo De Chávez|2|San Javier|2475|San Javier (Ñ.de Chavez)|26347|U. E. Guillermo Añez|9|220|93|83|0|0|0|0|176|0|3|179|176|179
7003921|ALCALDESA/ALCALDE|32|Bolivia|7|Santa Cruz     |11|Ñuflo De Chávez|2|San Javier|2475|San Javier (Ñ.de Chavez)|26347|U. E. Guillermo Añez|10|220|125|60|0|0|0|0|185|2|4|191|185|191
7003931|ALCALDESA/ALCALDE|32|Bolivia|7|Santa Cruz     |11|Ñuflo De Chávez|2|San Javier|2475|San Javier (Ñ.de Chavez)|26347|U. E. Guillermo Añez|11|220|101|86|0|0|0|0|187|0|5|192|187|192
7003941|ALCALDESA/ALCALDE|32|Bolivia|7|Santa Cruz     |11|Ñuflo De Chávez|2|San Javier|2475|San Javier (Ñ.de Chavez)|26347|U. E. Guillermo Añez|12|220|108|63|0|0|0|0|171|0|0|171|171|171
7003951|ALCALDESA/ALCALDE|32|Bolivia|7|Santa Cruz     |11|Ñuflo De Chávez|2|San Javier|2475|San Javier (Ñ.de Chavez)|26347|U. E. Guillermo Añez|13|220|97|70|0|0|0|0|167|1|2|170|167|170
7003961|ALCALDESA/ALCALDE|32|Bolivia|7|Santa Cruz     |11|Ñuflo De Chávez|2|San Javier|2475|San Javier (Ñ.de Chavez)|26347|U. E. Guillermo Añez|14|109|50|38|0|0|0|0|88|0|1|89|88|89
7003971|ALCALDESA/ALCALDE|32|Bolivia|7|Santa Cruz     |11|Ñuflo De Chávez|2|San Javier|2477|Coronación|9|U.E. Coronación|1|220|71|102|0|0|0|0|173|0|6|179|173|179
7003981|ALCALDESA/ALCALDE|32|Bolivia|7|Santa Cruz     |11|Ñuflo De Chávez|2|San Javier|2477|Coronación|9|U.E. Coronación|2|220|51|119|0|0|0|0|170|0|5|175|170|175
7003991|ALCALDESA/ALCALDE|32|Bolivia|7|Santa Cruz     |11|Ñuflo De Chávez|2|San Javier|2477|Coronación|9|U.E. Coronación|3|217|50|112|0|0|0|0|162|3|3|168|162|168
7004001|ALCALDESA/ALCALDE|32|Bolivia|7|Santa Cruz     |11|Ñuflo De Chávez|2|San Javier|3590|Santa Rita|1|Esc. U.E. Santa Rita|1|171|21|119|0|0|0|0|140|1|2|143|140|143
7004011|ALCALDESA/ALCALDE|32|Bolivia|7|Santa Cruz     |11|Ñuflo De Chávez|2|San Javier|3591|Las Abras|1|Esc. U.E. Las Abras|1|220|8|198|0|0|0|0|206|0|0|206|206|206
7004021|ALCALDESA/ALCALDE|32|Bolivia|7|Santa Cruz     |11|Ñuflo De Chávez|2|San Javier|3591|Las Abras|1|Esc. U.E. Las Abras|2|64|4|57|0|0|0|0|61|0|0|61|61|61
7004031|ALCALDESA/ALCALDE|32|Bolivia|7|Santa Cruz     |11|Ñuflo De Chávez|2|San Javier|3592|Turux Napez|1|Esc. U.E. Turux Napez|1|171|20|129|0|0|0|0|149|0|0|149|149|149
7004041|ALCALDESA/ALCALDE|32|Bolivia|7|Santa Cruz     |11|Ñuflo De Chávez|2|San Javier|3593|San Pablo|1|Esc. U.E. San Pablo|1|129|0|114|0|0|0|0|114|0|0|114|114|114
